source,target,weight
Nintendo,Mindscape,1
Nintendo,Rising Star Games,2
Nintendo,Codemasters,3
Nintendo,Sammy Corporation,1
Nintendo,Capcom,6
Nintendo,Tomy Corporation,1
Nintendo,3DO,1
Nintendo,Warner Bros. Interactive Entertainment,4
Nintendo,Universal Interactive,2
Nintendo,Midway Games,7
Nintendo,Parker Bros.,1
Nintendo,Zoo Games,1
Nintendo,D3Publisher,2
Nintendo,TalonSoft,1
Nintendo,Rage Software,1
Nintendo,Eidos Interactive,8
Nintendo,Valve Software,1
Nintendo,JVC,1
Nintendo,Activision Value,1
Nintendo,GungHo,1
Nintendo,Unknown,5
Nintendo,Gotham Games,1
Nintendo,TDK Mediactive,2
Nintendo,Valve,1
Nintendo,Sega,11
Nintendo,Palcom,1
Nintendo,Play It,2
Nintendo,ASC Games,1
Nintendo,SquareSoft,1
Nintendo,Microprose,1
Nintendo,Accolade,1
Nintendo,CTO SpA,1
Nintendo,Sony Online Entertainment,1
Nintendo,Tecmo Koei,3
Nintendo,GSP,1
Nintendo,Square,1
Nintendo,Hasbro Interactive,4
Nintendo,SCi,1
Nintendo,Banpresto,2
Nintendo,505 Games,4
Nintendo,Success,1
Nintendo,MTV Games,1
Nintendo,Hudson Entertainment,1
Nintendo,Atlus,1
Nintendo,Alchemist,1
Nintendo,Ubisoft Annecy,1
Nintendo,Level 5,3
Nintendo,Titus,1
Nintendo,Maxis,1
Nintendo,Global Star,1
Nintendo,Black Label Games,1
Nintendo,Video System,1
Nintendo,THQ,10
Nintendo,Empire Interactive,2
Nintendo,ASCII Entertainment,2
Nintendo,Mystique,1
Nintendo,City Interactive,1
Nintendo,Koch Media,1
Nintendo,Square EA,1
Nintendo,Atari,12
Nintendo,SouthPeak Games,1
Nintendo,"mixi, Inc",1
Nintendo,Disney Interactive Studios,7
Nintendo,Activision,9
Nintendo,Crystal Dynamics,1
Nintendo,Hudson Soft,6
Nintendo,Arena Entertainment,2
Nintendo,Red Orb,1
Nintendo,Bethesda Softworks,5
Nintendo,Russel,1
Nintendo,Electronic Arts,12
Nintendo,Psygnosis,1
Nintendo,Ubisoft,12
Nintendo,Mojang,1
Nintendo,Sony Computer Entertainment Europe,6
Nintendo,Game Factory,1
Nintendo,Acclaim Entertainment,5
Nintendo,Marvelous Entertainment,1
Nintendo,Focus Home Interactive,1
Nintendo,Avanquest Software,1
Nintendo,Taito,1
Nintendo,Crave Entertainment,2
Nintendo,Namco Bandai Games,9
Nintendo,Westwood Studios,1
Nintendo,Microsoft Game Studios,9
Nintendo,Interplay,1
Nintendo,Agetec,1
Nintendo,Fox Interactive,2
Nintendo,Sony Computer Entertainment,12
Nintendo,Hello Games,1
Nintendo,Genki,1
Nintendo,Zoo Digital Publishing,1
Nintendo,Natsume,1
Nintendo,Oxygen Interactive,1
Nintendo,989 Studios,3
Nintendo,Quelle,1
Nintendo,20th Century Fox Video Games,1
Nintendo,Majesco Entertainment,1
Nintendo,Enix Corporation,1
Nintendo,RedOctane,1
Nintendo,Virgin Interactive,6
Nintendo,Scholastic Inc.,1
Nintendo,Coleco,1
Nintendo,Vivendi Games,5
Nintendo,Imagic,1
Nintendo,UEP Systems,1
Nintendo,Deep Silver,2
Nintendo,NCSoft,1
Nintendo,Infogrames,3
Nintendo,RTL,1
Nintendo,Konami Digital Entertainment,9
Nintendo,Mastertronic,1
Nintendo,LucasArts,4
Nintendo,Compile,1
Nintendo,,3
Nintendo,Slightly Mad Studios,1
Nintendo,Red Storm Entertainment,1
Nintendo,Ocean,1
Nintendo,ChunSoft,1
Nintendo,Pinnacle,1
Nintendo,GT Interactive,4
Nintendo,Square Enix,6
Nintendo,Take-Two Interactive,9
Microsoft Game Studios,Mindscape,1
Microsoft Game Studios,Rising Star Games,2
Microsoft Game Studios,Codemasters,3
Microsoft Game Studios,Sammy Corporation,1
Microsoft Game Studios,Capcom,4
Microsoft Game Studios,Tomy Corporation,1
Microsoft Game Studios,3DO,1
Microsoft Game Studios,Warner Bros. Interactive Entertainment,3
Microsoft Game Studios,Universal Interactive,1
Microsoft Game Studios,Midway Games,6
Microsoft Game Studios,Parker Bros.,1
Microsoft Game Studios,Zoo Games,1
Microsoft Game Studios,D3Publisher,2
Microsoft Game Studios,TalonSoft,1
Microsoft Game Studios,Rage Software,1
Microsoft Game Studios,Eidos Interactive,8
Microsoft Game Studios,Valve Software,1
Microsoft Game Studios,Activision Value,1
Microsoft Game Studios,GungHo,1
Microsoft Game Studios,Unknown,5
Microsoft Game Studios,Gotham Games,1
Microsoft Game Studios,TDK Mediactive,1
Microsoft Game Studios,Valve,1
Microsoft Game Studios,Sega,9
Microsoft Game Studios,Palcom,1
Microsoft Game Studios,Play It,2
Microsoft Game Studios,ASC Games,1
Microsoft Game Studios,SquareSoft,1
Microsoft Game Studios,CTO SpA,1
Microsoft Game Studios,Accolade,1
Microsoft Game Studios,Microprose,1
Microsoft Game Studios,Sony Online Entertainment,1
Microsoft Game Studios,Tecmo Koei,3
Microsoft Game Studios,GSP,1
Microsoft Game Studios,Square,1
Microsoft Game Studios,Hasbro Interactive,2
Microsoft Game Studios,SCi,1
Microsoft Game Studios,Banpresto,1
Microsoft Game Studios,505 Games,3
Microsoft Game Studios,Success,1
Microsoft Game Studios,MTV Games,1
Microsoft Game Studios,Hudson Entertainment,1
Microsoft Game Studios,Atlus,1
Microsoft Game Studios,Ubisoft Annecy,1
Microsoft Game Studios,Level 5,2
Microsoft Game Studios,Titus,1
Microsoft Game Studios,Maxis,1
Microsoft Game Studios,Global Star,1
Microsoft Game Studios,Black Label Games,1
Microsoft Game Studios,Video System,1
Microsoft Game Studios,THQ,7
Microsoft Game Studios,Empire Interactive,2
Microsoft Game Studios,ASCII Entertainment,2
Microsoft Game Studios,Mystique,1
Microsoft Game Studios,City Interactive,1
Microsoft Game Studios,Koch Media,1
Microsoft Game Studios,Square EA,1
Microsoft Game Studios,Atari,9
Microsoft Game Studios,SouthPeak Games,1
Microsoft Game Studios,"mixi, Inc",1
Microsoft Game Studios,Disney Interactive Studios,4
Microsoft Game Studios,Activision,8
Microsoft Game Studios,Hudson Soft,4
Microsoft Game Studios,Arena Entertainment,2
Microsoft Game Studios,Bethesda Softworks,5
Microsoft Game Studios,Russel,1
Microsoft Game Studios,Electronic Arts,9
Microsoft Game Studios,Psygnosis,1
Microsoft Game Studios,Ubisoft,9
Microsoft Game Studios,Sony Computer Entertainment Europe,4
Microsoft Game Studios,Game Factory,1
Microsoft Game Studios,Acclaim Entertainment,4
Microsoft Game Studios,Marvelous Entertainment,1
Microsoft Game Studios,Focus Home Interactive,1
Microsoft Game Studios,Taito,1
Microsoft Game Studios,Crave Entertainment,2
Microsoft Game Studios,Namco Bandai Games,8
Microsoft Game Studios,Westwood Studios,1
Microsoft Game Studios,Agetec,1
Microsoft Game Studios,Fox Interactive,1
Microsoft Game Studios,Sony Computer Entertainment,9
Microsoft Game Studios,Hello Games,1
Microsoft Game Studios,Genki,1
Microsoft Game Studios,Zoo Digital Publishing,1
Microsoft Game Studios,Natsume,1
Microsoft Game Studios,Oxygen Interactive,1
Microsoft Game Studios,989 Studios,3
Microsoft Game Studios,Quelle,1
Microsoft Game Studios,20th Century Fox Video Games,1
Microsoft Game Studios,Majesco Entertainment,1
Microsoft Game Studios,Enix Corporation,1
Microsoft Game Studios,RedOctane,1
Microsoft Game Studios,Virgin Interactive,5
Microsoft Game Studios,Vivendi Games,4
Microsoft Game Studios,Imagic,1
Microsoft Game Studios,UEP Systems,1
Microsoft Game Studios,Deep Silver,2
Microsoft Game Studios,NCSoft,1
Microsoft Game Studios,Infogrames,3
Microsoft Game Studios,RTL,1
Microsoft Game Studios,Konami Digital Entertainment,7
Microsoft Game Studios,Mastertronic,1
Microsoft Game Studios,LucasArts,3
Microsoft Game Studios,,3
Microsoft Game Studios,Slightly Mad Studios,1
Microsoft Game Studios,Red Storm Entertainment,1
Microsoft Game Studios,Ocean,1
Microsoft Game Studios,Pinnacle,1
Microsoft Game Studios,GT Interactive,3
Microsoft Game Studios,Square Enix,5
Microsoft Game Studios,Take-Two Interactive,7
Take-Two Interactive,Mindscape,1
Take-Two Interactive,Rising Star Games,1
Take-Two Interactive,Codemasters,3
Take-Two Interactive,Sammy Corporation,1
Take-Two Interactive,Capcom,5
Take-Two Interactive,3DO,1
Take-Two Interactive,Warner Bros. Interactive Entertainment,2
Take-Two Interactive,Universal Interactive,2
Take-Two Interactive,Midway Games,5
Take-Two Interactive,Parker Bros.,1
Take-Two Interactive,Zoo Games,1
Take-Two Interactive,D3Publisher,2
Take-Two Interactive,TalonSoft,1
Take-Two Interactive,Eidos Interactive,7
Take-Two Interactive,Valve Software,1
Take-Two Interactive,Activision Value,1
Take-Two Interactive,GungHo,1
Take-Two Interactive,Unknown,5
Take-Two Interactive,Gotham Games,1
Take-Two Interactive,TDK Mediactive,2
Take-Two Interactive,Valve,1
Take-Two Interactive,Sega,9
Take-Two Interactive,Palcom,1
Take-Two Interactive,Play It,2
Take-Two Interactive,ASC Games,1
Take-Two Interactive,SquareSoft,1
Take-Two Interactive,CTO SpA,1
Take-Two Interactive,Accolade,1
Take-Two Interactive,Microprose,1
Take-Two Interactive,Sony Online Entertainment,1
Take-Two Interactive,Tecmo Koei,1
Take-Two Interactive,GSP,1
Take-Two Interactive,Square,1
Take-Two Interactive,Hasbro Interactive,3
Take-Two Interactive,SCi,1
Take-Two Interactive,Banpresto,1
Take-Two Interactive,505 Games,2
Take-Two Interactive,Success,1
Take-Two Interactive,MTV Games,1
Take-Two Interactive,Atlus,1
Take-Two Interactive,Alchemist,1
Take-Two Interactive,Ubisoft Annecy,1
Take-Two Interactive,Level 5,2
Take-Two Interactive,Global Star,1
Take-Two Interactive,Black Label Games,1
Take-Two Interactive,Video System,1
Take-Two Interactive,THQ,8
Take-Two Interactive,Empire Interactive,2
Take-Two Interactive,ASCII Entertainment,2
Take-Two Interactive,Mystique,1
Take-Two Interactive,City Interactive,1
Take-Two Interactive,Koch Media,1
Take-Two Interactive,Square EA,1
Take-Two Interactive,Atari,9
Take-Two Interactive,SouthPeak Games,1
Take-Two Interactive,"mixi, Inc",1
Take-Two Interactive,Disney Interactive Studios,6
Take-Two Interactive,Activision,8
Take-Two Interactive,Crystal Dynamics,1
Take-Two Interactive,Hudson Soft,4
Take-Two Interactive,Arena Entertainment,1
Take-Two Interactive,Red Orb,1
Take-Two Interactive,Bethesda Softworks,5
Take-Two Interactive,Russel,1
Take-Two Interactive,Electronic Arts,9
Take-Two Interactive,Psygnosis,1
Take-Two Interactive,Ubisoft,9
Take-Two Interactive,Mojang,1
Take-Two Interactive,Sony Computer Entertainment Europe,5
Take-Two Interactive,Acclaim Entertainment,4
Take-Two Interactive,Marvelous Entertainment,1
Take-Two Interactive,Avanquest Software,1
Take-Two Interactive,Crave Entertainment,2
Take-Two Interactive,Namco Bandai Games,6
Take-Two Interactive,Westwood Studios,1
Take-Two Interactive,Interplay,1
Take-Two Interactive,Agetec,1
Take-Two Interactive,Fox Interactive,2
Take-Two Interactive,Sony Computer Entertainment,9
Take-Two Interactive,Hello Games,1
Take-Two Interactive,Genki,1
Take-Two Interactive,Zoo Digital Publishing,1
Take-Two Interactive,Natsume,1
Take-Two Interactive,Oxygen Interactive,1
Take-Two Interactive,989 Studios,3
Take-Two Interactive,Quelle,1
Take-Two Interactive,20th Century Fox Video Games,1
Take-Two Interactive,Majesco Entertainment,1
Take-Two Interactive,Enix Corporation,1
Take-Two Interactive,RedOctane,1
Take-Two Interactive,Virgin Interactive,5
Take-Two Interactive,Coleco,1
Take-Two Interactive,Vivendi Games,5
Take-Two Interactive,Imagic,1
Take-Two Interactive,UEP Systems,1
Take-Two Interactive,Deep Silver,2
Take-Two Interactive,NCSoft,1
Take-Two Interactive,Infogrames,3
Take-Two Interactive,RTL,1
Take-Two Interactive,Konami Digital Entertainment,8
Take-Two Interactive,Mastertronic,1
Take-Two Interactive,LucasArts,3
Take-Two Interactive,,2
Take-Two Interactive,Slightly Mad Studios,1
Take-Two Interactive,Red Storm Entertainment,1
Take-Two Interactive,Ocean,1
Take-Two Interactive,ChunSoft,1
Take-Two Interactive,Pinnacle,1
Take-Two Interactive,GT Interactive,3
Take-Two Interactive,Square Enix,4
Sony Computer Entertainment,Mindscape,1
Sony Computer Entertainment,Rising Star Games,2
Sony Computer Entertainment,Codemasters,3
Sony Computer Entertainment,Sammy Corporation,1
Sony Computer Entertainment,Capcom,6
Sony Computer Entertainment,Tomy Corporation,1
Sony Computer Entertainment,3DO,1
Sony Computer Entertainment,Warner Bros. Interactive Entertainment,4
Sony Computer Entertainment,Universal Interactive,2
Sony Computer Entertainment,Midway Games,7
Sony Computer Entertainment,Parker Bros.,1
Sony Computer Entertainment,Zoo Games,1
Sony Computer Entertainment,D3Publisher,2
Sony Computer Entertainment,TalonSoft,1
Sony Computer Entertainment,Rage Software,1
Sony Computer Entertainment,Eidos Interactive,8
Sony Computer Entertainment,Valve Software,1
Sony Computer Entertainment,JVC,1
Sony Computer Entertainment,Activision Value,1
Sony Computer Entertainment,GungHo,1
Sony Computer Entertainment,Unknown,5
Sony Computer Entertainment,Gotham Games,1
Sony Computer Entertainment,TDK Mediactive,2
Sony Computer Entertainment,Valve,1
Sony Computer Entertainment,Sega,11
Sony Computer Entertainment,Palcom,1
Sony Computer Entertainment,Play It,2
Sony Computer Entertainment,ASC Games,1
Sony Computer Entertainment,SquareSoft,1
Sony Computer Entertainment,Microprose,1
Sony Computer Entertainment,Accolade,1
Sony Computer Entertainment,CTO SpA,1
Sony Computer Entertainment,Sony Online Entertainment,1
Sony Computer Entertainment,Tecmo Koei,3
Sony Computer Entertainment,GSP,1
Sony Computer Entertainment,Square,1
Sony Computer Entertainment,Hasbro Interactive,4
Sony Computer Entertainment,SCi,1
Sony Computer Entertainment,Banpresto,2
Sony Computer Entertainment,505 Games,4
Sony Computer Entertainment,Success,1
Sony Computer Entertainment,MTV Games,1
Sony Computer Entertainment,Hudson Entertainment,1
Sony Computer Entertainment,Atlus,1
Sony Computer Entertainment,Alchemist,1
Sony Computer Entertainment,Ubisoft Annecy,1
Sony Computer Entertainment,Level 5,3
Sony Computer Entertainment,Titus,1
Sony Computer Entertainment,Maxis,1
Sony Computer Entertainment,Global Star,1
Sony Computer Entertainment,Black Label Games,1
Sony Computer Entertainment,Video System,1
Sony Computer Entertainment,THQ,10
Sony Computer Entertainment,Empire Interactive,2
Sony Computer Entertainment,ASCII Entertainment,2
Sony Computer Entertainment,Mystique,1
Sony Computer Entertainment,City Interactive,1
Sony Computer Entertainment,Koch Media,1
Sony Computer Entertainment,Square EA,1
Sony Computer Entertainment,Atari,12
Sony Computer Entertainment,SouthPeak Games,1
Sony Computer Entertainment,"mixi, Inc",1
Sony Computer Entertainment,Disney Interactive Studios,7
Sony Computer Entertainment,Activision,9
Sony Computer Entertainment,Crystal Dynamics,1
Sony Computer Entertainment,Hudson Soft,6
Sony Computer Entertainment,Arena Entertainment,2
Sony Computer Entertainment,Red Orb,1
Sony Computer Entertainment,Bethesda Softworks,5
Sony Computer Entertainment,Russel,1
Sony Computer Entertainment,Electronic Arts,12
Sony Computer Entertainment,Psygnosis,1
Sony Computer Entertainment,Ubisoft,12
Sony Computer Entertainment,Mojang,1
Sony Computer Entertainment,Sony Computer Entertainment Europe,6
Sony Computer Entertainment,Game Factory,1
Sony Computer Entertainment,Acclaim Entertainment,5
Sony Computer Entertainment,Marvelous Entertainment,1
Sony Computer Entertainment,Focus Home Interactive,1
Sony Computer Entertainment,Avanquest Software,1
Sony Computer Entertainment,Taito,1
Sony Computer Entertainment,Crave Entertainment,2
Sony Computer Entertainment,Namco Bandai Games,9
Sony Computer Entertainment,Westwood Studios,1
Sony Computer Entertainment,Interplay,1
Sony Computer Entertainment,Agetec,1
Sony Computer Entertainment,Fox Interactive,2
Sony Computer Entertainment,Hello Games,1
Sony Computer Entertainment,Genki,1
Sony Computer Entertainment,Zoo Digital Publishing,1
Sony Computer Entertainment,Natsume,1
Sony Computer Entertainment,Oxygen Interactive,1
Sony Computer Entertainment,989 Studios,3
Sony Computer Entertainment,Quelle,1
Sony Computer Entertainment,20th Century Fox Video Games,1
Sony Computer Entertainment,Majesco Entertainment,1
Sony Computer Entertainment,Enix Corporation,1
Sony Computer Entertainment,RedOctane,1
Sony Computer Entertainment,Virgin Interactive,6
Sony Computer Entertainment,Scholastic Inc.,1
Sony Computer Entertainment,Coleco,1
Sony Computer Entertainment,Vivendi Games,5
Sony Computer Entertainment,Imagic,1
Sony Computer Entertainment,UEP Systems,1
Sony Computer Entertainment,Deep Silver,2
Sony Computer Entertainment,NCSoft,1
Sony Computer Entertainment,Infogrames,3
Sony Computer Entertainment,RTL,1
Sony Computer Entertainment,Konami Digital Entertainment,9
Sony Computer Entertainment,Mastertronic,1
Sony Computer Entertainment,LucasArts,4
Sony Computer Entertainment,Compile,1
Sony Computer Entertainment,,3
Sony Computer Entertainment,Slightly Mad Studios,1
Sony Computer Entertainment,Red Storm Entertainment,1
Sony Computer Entertainment,Ocean,1
Sony Computer Entertainment,ChunSoft,1
Sony Computer Entertainment,Pinnacle,1
Sony Computer Entertainment,GT Interactive,4
Sony Computer Entertainment,Square Enix,6
Activision,Mindscape,1
Activision,Rising Star Games,2
Activision,Codemasters,3
Activision,Sammy Corporation,1
Activision,Capcom,4
Activision,3DO,1
Activision,Warner Bros. Interactive Entertainment,2
Activision,Universal Interactive,2
Activision,Midway Games,5
Activision,Parker Bros.,1
Activision,Zoo Games,1
Activision,D3Publisher,2
Activision,TalonSoft,1
Activision,Eidos Interactive,7
Activision,Valve Software,1
Activision,Activision Value,1
Activision,GungHo,1
Activision,Unknown,5
Activision,Gotham Games,1
Activision,TDK Mediactive,2
Activision,Valve,1
Activision,Sega,9
Activision,Palcom,1
Activision,Play It,2
Activision,ASC Games,1
Activision,SquareSoft,1
Activision,CTO SpA,1
Activision,Accolade,1
Activision,Microprose,1
Activision,Sony Online Entertainment,1
Activision,Tecmo Koei,2
Activision,GSP,1
Activision,Square,1
Activision,Hasbro Interactive,3
Activision,SCi,1
Activision,Banpresto,1
Activision,505 Games,3
Activision,Success,1
Activision,MTV Games,1
Activision,Hudson Entertainment,1
Activision,Atlus,1
Activision,Ubisoft Annecy,1
Activision,Level 5,2
Activision,Titus,1
Activision,Maxis,1
Activision,Global Star,1
Activision,Black Label Games,1
Activision,Video System,1
Activision,THQ,7
Activision,Empire Interactive,2
Activision,ASCII Entertainment,2
Activision,Mystique,1
Activision,City Interactive,1
Activision,Koch Media,1
Activision,Square EA,1
Activision,Atari,9
Activision,SouthPeak Games,1
Activision,"mixi, Inc",1
Activision,Disney Interactive Studios,5
Activision,Crystal Dynamics,1
Activision,Hudson Soft,5
Activision,Arena Entertainment,1
Activision,Bethesda Softworks,5
Activision,Russel,1
Activision,Electronic Arts,9
Activision,Psygnosis,1
Activision,Ubisoft,9
Activision,Sony Computer Entertainment Europe,5
Activision,Game Factory,1
Activision,Acclaim Entertainment,4
Activision,Marvelous Entertainment,1
Activision,Focus Home Interactive,1
Activision,Taito,1
Activision,Crave Entertainment,2
Activision,Namco Bandai Games,7
Activision,Westwood Studios,1
Activision,Agetec,1
Activision,Fox Interactive,2
Activision,Hello Games,1
Activision,Genki,1
Activision,Zoo Digital Publishing,1
Activision,Natsume,1
Activision,Oxygen Interactive,1
Activision,989 Studios,3
Activision,Quelle,1
Activision,20th Century Fox Video Games,1
Activision,Majesco Entertainment,1
Activision,Enix Corporation,1
Activision,RedOctane,1
Activision,Virgin Interactive,5
Activision,Coleco,1
Activision,Vivendi Games,5
Activision,Imagic,1
Activision,UEP Systems,1
Activision,Deep Silver,2
Activision,NCSoft,1
Activision,Infogrames,3
Activision,RTL,1
Activision,Konami Digital Entertainment,8
Activision,Mastertronic,1
Activision,LucasArts,3
Activision,,2
Activision,Slightly Mad Studios,1
Activision,Red Storm Entertainment,1
Activision,Ocean,1
Activision,Pinnacle,1
Activision,GT Interactive,3
Activision,Square Enix,4
Ubisoft,Mindscape,1
Ubisoft,Rising Star Games,2
Ubisoft,Codemasters,3
Ubisoft,Sammy Corporation,1
Ubisoft,Capcom,6
Ubisoft,Tomy Corporation,1
Ubisoft,3DO,1
Ubisoft,Warner Bros. Interactive Entertainment,4
Ubisoft,Universal Interactive,2
Ubisoft,Midway Games,7
Ubisoft,Parker Bros.,1
Ubisoft,Zoo Games,1
Ubisoft,D3Publisher,2
Ubisoft,TalonSoft,1
Ubisoft,Rage Software,1
Ubisoft,Eidos Interactive,8
Ubisoft,Valve Software,1
Ubisoft,JVC,1
Ubisoft,Activision Value,1
Ubisoft,GungHo,1
Ubisoft,Unknown,5
Ubisoft,Gotham Games,1
Ubisoft,TDK Mediactive,2
Ubisoft,Valve,1
Ubisoft,Sega,11
Ubisoft,Palcom,1
Ubisoft,Play It,2
Ubisoft,ASC Games,1
Ubisoft,SquareSoft,1
Ubisoft,Microprose,1
Ubisoft,Accolade,1
Ubisoft,CTO SpA,1
Ubisoft,Sony Online Entertainment,1
Ubisoft,Tecmo Koei,3
Ubisoft,GSP,1
Ubisoft,Square,1
Ubisoft,Hasbro Interactive,4
Ubisoft,SCi,1
Ubisoft,Banpresto,2
Ubisoft,505 Games,4
Ubisoft,Success,1
Ubisoft,MTV Games,1
Ubisoft,Hudson Entertainment,1
Ubisoft,Atlus,1
Ubisoft,Alchemist,1
Ubisoft,Ubisoft Annecy,1
Ubisoft,Level 5,3
Ubisoft,Titus,1
Ubisoft,Maxis,1
Ubisoft,Global Star,1
Ubisoft,Black Label Games,1
Ubisoft,Video System,1
Ubisoft,THQ,10
Ubisoft,Empire Interactive,2
Ubisoft,ASCII Entertainment,2
Ubisoft,Mystique,1
Ubisoft,City Interactive,1
Ubisoft,Koch Media,1
Ubisoft,Square EA,1
Ubisoft,Atari,12
Ubisoft,SouthPeak Games,1
Ubisoft,"mixi, Inc",1
Ubisoft,Disney Interactive Studios,7
Ubisoft,Crystal Dynamics,1
Ubisoft,Hudson Soft,6
Ubisoft,Arena Entertainment,2
Ubisoft,Red Orb,1
Ubisoft,Bethesda Softworks,5
Ubisoft,Russel,1
Ubisoft,Electronic Arts,12
Ubisoft,Psygnosis,1
Ubisoft,Mojang,1
Ubisoft,Sony Computer Entertainment Europe,6
Ubisoft,Game Factory,1
Ubisoft,Acclaim Entertainment,5
Ubisoft,Marvelous Entertainment,1
Ubisoft,Focus Home Interactive,1
Ubisoft,Avanquest Software,1
Ubisoft,Taito,1
Ubisoft,Crave Entertainment,2
Ubisoft,Namco Bandai Games,9
Ubisoft,Westwood Studios,1
Ubisoft,Interplay,1
Ubisoft,Agetec,1
Ubisoft,Fox Interactive,2
Ubisoft,Hello Games,1
Ubisoft,Genki,1
Ubisoft,Zoo Digital Publishing,1
Ubisoft,Natsume,1
Ubisoft,Oxygen Interactive,1
Ubisoft,989 Studios,3
Ubisoft,Quelle,1
Ubisoft,20th Century Fox Video Games,1
Ubisoft,Majesco Entertainment,1
Ubisoft,Enix Corporation,1
Ubisoft,RedOctane,1
Ubisoft,Virgin Interactive,6
Ubisoft,Scholastic Inc.,1
Ubisoft,Coleco,1
Ubisoft,Vivendi Games,5
Ubisoft,Imagic,1
Ubisoft,UEP Systems,1
Ubisoft,Deep Silver,2
Ubisoft,NCSoft,1
Ubisoft,Infogrames,3
Ubisoft,RTL,1
Ubisoft,Konami Digital Entertainment,9
Ubisoft,Mastertronic,1
Ubisoft,LucasArts,4
Ubisoft,Compile,1
Ubisoft,,3
Ubisoft,Slightly Mad Studios,1
Ubisoft,Red Storm Entertainment,1
Ubisoft,Ocean,1
Ubisoft,ChunSoft,1
Ubisoft,Pinnacle,1
Ubisoft,GT Interactive,4
Ubisoft,Square Enix,6
Bethesda Softworks,Codemasters,3
Bethesda Softworks,Capcom,3
Bethesda Softworks,3DO,1
Bethesda Softworks,Warner Bros. Interactive Entertainment,1
Bethesda Softworks,Universal Interactive,1
Bethesda Softworks,Midway Games,4
Bethesda Softworks,Parker Bros.,1
Bethesda Softworks,D3Publisher,1
Bethesda Softworks,TalonSoft,1
Bethesda Softworks,Eidos Interactive,5
Bethesda Softworks,Valve Software,1
Bethesda Softworks,Activision Value,1
Bethesda Softworks,GungHo,1
Bethesda Softworks,Unknown,4
Bethesda Softworks,Gotham Games,1
Bethesda Softworks,TDK Mediactive,1
Bethesda Softworks,Valve,1
Bethesda Softworks,Sega,5
Bethesda Softworks,Palcom,1
Bethesda Softworks,Play It,1
Bethesda Softworks,ASC Games,1
Bethesda Softworks,SquareSoft,1
Bethesda Softworks,CTO SpA,1
Bethesda Softworks,Accolade,1
Bethesda Softworks,Sony Online Entertainment,1
Bethesda Softworks,Tecmo Koei,1
Bethesda Softworks,SCi,1
Bethesda Softworks,Square,1
Bethesda Softworks,Hasbro Interactive,1
Bethesda Softworks,505 Games,2
Bethesda Softworks,Success,1
Bethesda Softworks,Atlus,1
Bethesda Softworks,Ubisoft Annecy,1
Bethesda Softworks,Level 5,2
Bethesda Softworks,Global Star,1
Bethesda Softworks,Black Label Games,1
Bethesda Softworks,Video System,1
Bethesda Softworks,THQ,4
Bethesda Softworks,Empire Interactive,2
Bethesda Softworks,ASCII Entertainment,2
Bethesda Softworks,Mystique,1
Bethesda Softworks,City Interactive,1
Bethesda Softworks,Koch Media,1
Bethesda Softworks,Square EA,1
Bethesda Softworks,Atari,5
Bethesda Softworks,SouthPeak Games,1
Bethesda Softworks,"mixi, Inc",1
Bethesda Softworks,Disney Interactive Studios,3
Bethesda Softworks,Hudson Soft,3
Bethesda Softworks,Arena Entertainment,1
Bethesda Softworks,Russel,1
Bethesda Softworks,Electronic Arts,5
Bethesda Softworks,Psygnosis,1
Bethesda Softworks,Sony Computer Entertainment Europe,2
Bethesda Softworks,Acclaim Entertainment,3
Bethesda Softworks,Marvelous Entertainment,1
Bethesda Softworks,Crave Entertainment,2
Bethesda Softworks,Namco Bandai Games,5
Bethesda Softworks,Agetec,1
Bethesda Softworks,Fox Interactive,1
Bethesda Softworks,Hello Games,1
Bethesda Softworks,Genki,1
Bethesda Softworks,Zoo Digital Publishing,1
Bethesda Softworks,Natsume,1
Bethesda Softworks,989 Studios,3
Bethesda Softworks,20th Century Fox Video Games,1
Bethesda Softworks,Enix Corporation,1
Bethesda Softworks,Majesco Entertainment,1
Bethesda Softworks,Virgin Interactive,3
Bethesda Softworks,Vivendi Games,4
Bethesda Softworks,Imagic,1
Bethesda Softworks,UEP Systems,1
Bethesda Softworks,Deep Silver,2
Bethesda Softworks,NCSoft,1
Bethesda Softworks,Infogrames,2
Bethesda Softworks,RTL,1
Bethesda Softworks,Konami Digital Entertainment,4
Bethesda Softworks,LucasArts,2
Bethesda Softworks,,1
Bethesda Softworks,Slightly Mad Studios,1
Bethesda Softworks,Red Storm Entertainment,1
Bethesda Softworks,Ocean,1
Bethesda Softworks,GT Interactive,1
Bethesda Softworks,Square Enix,3
Electronic Arts,Mindscape,1
Electronic Arts,Rising Star Games,2
Electronic Arts,Codemasters,3
Electronic Arts,Sammy Corporation,1
Electronic Arts,Capcom,6
Electronic Arts,Tomy Corporation,1
Electronic Arts,3DO,1
Electronic Arts,Warner Bros. Interactive Entertainment,4
Electronic Arts,Universal Interactive,2
Electronic Arts,Midway Games,7
Electronic Arts,Parker Bros.,1
Electronic Arts,Zoo Games,1
Electronic Arts,D3Publisher,2
Electronic Arts,TalonSoft,1
Electronic Arts,Rage Software,1
Electronic Arts,Eidos Interactive,8
Electronic Arts,Valve Software,1
Electronic Arts,JVC,1
Electronic Arts,Activision Value,1
Electronic Arts,GungHo,1
Electronic Arts,Unknown,5
Electronic Arts,Gotham Games,1
Electronic Arts,TDK Mediactive,2
Electronic Arts,Valve,1
Electronic Arts,Sega,11
Electronic Arts,Palcom,1
Electronic Arts,Play It,2
Electronic Arts,ASC Games,1
Electronic Arts,SquareSoft,1
Electronic Arts,Microprose,1
Electronic Arts,Accolade,1
Electronic Arts,CTO SpA,1
Electronic Arts,Sony Online Entertainment,1
Electronic Arts,Tecmo Koei,3
Electronic Arts,GSP,1
Electronic Arts,Square,1
Electronic Arts,Hasbro Interactive,4
Electronic Arts,SCi,1
Electronic Arts,Banpresto,2
Electronic Arts,505 Games,4
Electronic Arts,Success,1
Electronic Arts,MTV Games,1
Electronic Arts,Atlus,1
Electronic Arts,Hudson Entertainment,1
Electronic Arts,Alchemist,1
Electronic Arts,Ubisoft Annecy,1
Electronic Arts,Level 5,3
Electronic Arts,Titus,1
Electronic Arts,Maxis,1
Electronic Arts,Global Star,1
Electronic Arts,Black Label Games,1
Electronic Arts,Video System,1
Electronic Arts,THQ,10
Electronic Arts,Empire Interactive,2
Electronic Arts,ASCII Entertainment,2
Electronic Arts,Mystique,1
Electronic Arts,City Interactive,1
Electronic Arts,Koch Media,1
Electronic Arts,Square EA,1
Electronic Arts,Atari,12
Electronic Arts,SouthPeak Games,1
Electronic Arts,"mixi, Inc",1
Electronic Arts,Disney Interactive Studios,7
Electronic Arts,Crystal Dynamics,1
Electronic Arts,Hudson Soft,6
Electronic Arts,Arena Entertainment,2
Electronic Arts,Red Orb,1
Electronic Arts,Russel,1
Electronic Arts,Psygnosis,1
Electronic Arts,Mojang,1
Electronic Arts,Sony Computer Entertainment Europe,6
Electronic Arts,Game Factory,1
Electronic Arts,Acclaim Entertainment,5
Electronic Arts,Marvelous Entertainment,1
Electronic Arts,Focus Home Interactive,1
Electronic Arts,Avanquest Software,1
Electronic Arts,Taito,1
Electronic Arts,Crave Entertainment,2
Electronic Arts,Namco Bandai Games,9
Electronic Arts,Westwood Studios,1
Electronic Arts,Interplay,1
Electronic Arts,Agetec,1
Electronic Arts,Fox Interactive,2
Electronic Arts,Hello Games,1
Electronic Arts,Genki,1
Electronic Arts,Zoo Digital Publishing,1
Electronic Arts,Natsume,1
Electronic Arts,Oxygen Interactive,1
Electronic Arts,989 Studios,3
Electronic Arts,Quelle,1
Electronic Arts,20th Century Fox Video Games,1
Electronic Arts,Enix Corporation,1
Electronic Arts,Majesco Entertainment,1
Electronic Arts,RedOctane,1
Electronic Arts,Virgin Interactive,6
Electronic Arts,Scholastic Inc.,1
Electronic Arts,Coleco,1
Electronic Arts,Vivendi Games,5
Electronic Arts,Imagic,1
Electronic Arts,UEP Systems,1
Electronic Arts,Deep Silver,2
Electronic Arts,NCSoft,1
Electronic Arts,Infogrames,3
Electronic Arts,RTL,1
Electronic Arts,Konami Digital Entertainment,9
Electronic Arts,Mastertronic,1
Electronic Arts,LucasArts,4
Electronic Arts,Compile,1
Electronic Arts,,3
Electronic Arts,Slightly Mad Studios,1
Electronic Arts,Red Storm Entertainment,1
Electronic Arts,Ocean,1
Electronic Arts,ChunSoft,1
Electronic Arts,Pinnacle,1
Electronic Arts,GT Interactive,4
Electronic Arts,Square Enix,6
Sega,Mindscape,1
Sega,Rising Star Games,2
Sega,Codemasters,3
Sega,Sammy Corporation,1
Sega,Capcom,6
Sega,Tomy Corporation,1
Sega,3DO,1
Sega,Warner Bros. Interactive Entertainment,3
Sega,Universal Interactive,2
Sega,Midway Games,6
Sega,Parker Bros.,1
Sega,Zoo Games,1
Sega,D3Publisher,2
Sega,TalonSoft,1
Sega,Rage Software,1
Sega,Eidos Interactive,8
Sega,Valve Software,1
Sega,Activision Value,1
Sega,GungHo,1
Sega,Unknown,5
Sega,Gotham Games,1
Sega,TDK Mediactive,2
Sega,Valve,1
Sega,Palcom,1
Sega,Play It,2
Sega,ASC Games,1
Sega,SquareSoft,1
Sega,Microprose,1
Sega,Accolade,1
Sega,CTO SpA,1
Sega,Sony Online Entertainment,1
Sega,Tecmo Koei,3
Sega,GSP,1
Sega,Square,1
Sega,Hasbro Interactive,3
Sega,SCi,1
Sega,Banpresto,1
Sega,505 Games,3
Sega,Success,1
Sega,MTV Games,1
Sega,Atlus,1
Sega,Hudson Entertainment,1
Sega,Alchemist,1
Sega,Ubisoft Annecy,1
Sega,Level 5,2
Sega,Titus,1
Sega,Maxis,1
Sega,Global Star,1
Sega,Black Label Games,1
Sega,Video System,1
Sega,THQ,9
Sega,Empire Interactive,2
Sega,ASCII Entertainment,2
Sega,Mystique,1
Sega,City Interactive,1
Sega,Koch Media,1
Sega,Square EA,1
Sega,Atari,11
Sega,SouthPeak Games,1
Sega,"mixi, Inc",1
Sega,Disney Interactive Studios,6
Sega,Crystal Dynamics,1
Sega,Hudson Soft,5
Sega,Arena Entertainment,2
Sega,Red Orb,1
Sega,Russel,1
Sega,Psygnosis,1
Sega,Mojang,1
Sega,Sony Computer Entertainment Europe,6
Sega,Game Factory,1
Sega,Acclaim Entertainment,5
Sega,Marvelous Entertainment,1
Sega,Focus Home Interactive,1
Sega,Avanquest Software,1
Sega,Taito,1
Sega,Crave Entertainment,2
Sega,Namco Bandai Games,8
Sega,Westwood Studios,1
Sega,Interplay,1
Sega,Agetec,1
Sega,Fox Interactive,2
Sega,Hello Games,1
Sega,Genki,1
Sega,Zoo Digital Publishing,1
Sega,Natsume,1
Sega,Oxygen Interactive,1
Sega,989 Studios,3
Sega,Quelle,1
Sega,20th Century Fox Video Games,1
Sega,Enix Corporation,1
Sega,Majesco Entertainment,1
Sega,RedOctane,1
Sega,Virgin Interactive,6
Sega,Coleco,1
Sega,Vivendi Games,5
Sega,Imagic,1
Sega,UEP Systems,1
Sega,Deep Silver,2
Sega,NCSoft,1
Sega,Infogrames,3
Sega,RTL,1
Sega,Konami Digital Entertainment,9
Sega,Mastertronic,1
Sega,LucasArts,4
Sega,,3
Sega,Slightly Mad Studios,1
Sega,Red Storm Entertainment,1
Sega,Ocean,1
Sega,ChunSoft,1
Sega,Pinnacle,1
Sega,GT Interactive,4
Sega,Square Enix,6
SquareSoft,Square,1
SquareSoft,Capcom,1
SquareSoft,Infogrames,1
SquareSoft,Konami Digital Entertainment,1
SquareSoft,Atlus,1
SquareSoft,Crave Entertainment,1
SquareSoft,Namco Bandai Games,1
SquareSoft,Eidos Interactive,1
SquareSoft,Level 5,1
SquareSoft,GungHo,1
SquareSoft,Unknown,1
SquareSoft,Enix Corporation,1
SquareSoft,Square EA,1
SquareSoft,Atari,1
SquareSoft,Virgin Interactive,1
SquareSoft,Square Enix,1
SquareSoft,Vivendi Games,1
SquareSoft,Sony Online Entertainment,1
Atari,Mindscape,1
Atari,Rising Star Games,2
Atari,Codemasters,3
Atari,Sammy Corporation,1
Atari,Capcom,6
Atari,Tomy Corporation,1
Atari,3DO,1
Atari,Warner Bros. Interactive Entertainment,4
Atari,Universal Interactive,2
Atari,Midway Games,7
Atari,Parker Bros.,1
Atari,Zoo Games,1
Atari,D3Publisher,2
Atari,TalonSoft,1
Atari,Rage Software,1
Atari,Eidos Interactive,8
Atari,Valve Software,1
Atari,JVC,1
Atari,Activision Value,1
Atari,GungHo,1
Atari,Unknown,5
Atari,Gotham Games,1
Atari,TDK Mediactive,2
Atari,Valve,1
Atari,Palcom,1
Atari,Play It,2
Atari,ASC Games,1
Atari,Microprose,1
Atari,Accolade,1
Atari,CTO SpA,1
Atari,Sony Online Entertainment,1
Atari,Tecmo Koei,3
Atari,GSP,1
Atari,Square,1
Atari,Hasbro Interactive,4
Atari,SCi,1
Atari,Banpresto,2
Atari,505 Games,4
Atari,Success,1
Atari,MTV Games,1
Atari,Atlus,1
Atari,Hudson Entertainment,1
Atari,Alchemist,1
Atari,Ubisoft Annecy,1
Atari,Level 5,3
Atari,Titus,1
Atari,Maxis,1
Atari,Global Star,1
Atari,Black Label Games,1
Atari,Video System,1
Atari,THQ,10
Atari,Empire Interactive,2
Atari,ASCII Entertainment,2
Atari,Mystique,1
Atari,City Interactive,1
Atari,Koch Media,1
Atari,Square EA,1
Atari,SouthPeak Games,1
Atari,"mixi, Inc",1
Atari,Disney Interactive Studios,7
Atari,Crystal Dynamics,1
Atari,Hudson Soft,6
Atari,Arena Entertainment,2
Atari,Red Orb,1
Atari,Russel,1
Atari,Psygnosis,1
Atari,Mojang,1
Atari,Sony Computer Entertainment Europe,6
Atari,Game Factory,1
Atari,Acclaim Entertainment,5
Atari,Marvelous Entertainment,1
Atari,Focus Home Interactive,1
Atari,Avanquest Software,1
Atari,Taito,1
Atari,Crave Entertainment,2
Atari,Namco Bandai Games,9
Atari,Westwood Studios,1
Atari,Interplay,1
Atari,Agetec,1
Atari,Fox Interactive,2
Atari,Hello Games,1
Atari,Genki,1
Atari,Zoo Digital Publishing,1
Atari,Natsume,1
Atari,Oxygen Interactive,1
Atari,989 Studios,3
Atari,Quelle,1
Atari,20th Century Fox Video Games,1
Atari,Enix Corporation,1
Atari,Majesco Entertainment,1
Atari,RedOctane,1
Atari,Virgin Interactive,6
Atari,Scholastic Inc.,1
Atari,Coleco,1
Atari,Vivendi Games,5
Atari,Imagic,1
Atari,UEP Systems,1
Atari,Deep Silver,2
Atari,NCSoft,1
Atari,Infogrames,3
Atari,RTL,1
Atari,Konami Digital Entertainment,9
Atari,Mastertronic,1
Atari,LucasArts,4
Atari,Compile,1
Atari,,3
Atari,Slightly Mad Studios,1
Atari,Red Storm Entertainment,1
Atari,Ocean,1
Atari,ChunSoft,1
Atari,Pinnacle,1
Atari,GT Interactive,4
Atari,Square Enix,6
505 Games,Rising Star Games,1
505 Games,Codemasters,2
505 Games,Capcom,1
505 Games,Warner Bros. Interactive Entertainment,1
505 Games,Midway Games,3
505 Games,TalonSoft,1
505 Games,Eidos Interactive,2
505 Games,Valve Software,1
505 Games,JVC,1
505 Games,Activision Value,1
505 Games,Unknown,1
505 Games,Gotham Games,1
505 Games,Valve,1
505 Games,CTO SpA,1
505 Games,Tecmo Koei,1
505 Games,SCi,1
505 Games,Hasbro Interactive,1
505 Games,Banpresto,1
505 Games,Success,1
505 Games,Hudson Entertainment,1
505 Games,Level 5,1
505 Games,Titus,1
505 Games,Maxis,1
505 Games,Global Star,1
505 Games,THQ,3
505 Games,City Interactive,1
505 Games,ASCII Entertainment,1
505 Games,Empire Interactive,1
505 Games,Disney Interactive Studios,2
505 Games,Hudson Soft,4
505 Games,Arena Entertainment,1
505 Games,Russel,1
505 Games,Sony Computer Entertainment Europe,2
505 Games,Game Factory,1
505 Games,Acclaim Entertainment,2
505 Games,Focus Home Interactive,1
505 Games,Taito,1
505 Games,Namco Bandai Games,4
505 Games,Agetec,1
505 Games,Fox Interactive,1
505 Games,Natsume,1
505 Games,Zoo Digital Publishing,1
505 Games,989 Studios,1
505 Games,Majesco Entertainment,1
505 Games,Virgin Interactive,1
505 Games,Scholastic Inc.,1
505 Games,Vivendi Games,1
505 Games,Imagic,1
505 Games,UEP Systems,1
505 Games,Deep Silver,1
505 Games,RTL,1
505 Games,Konami Digital Entertainment,3
505 Games,LucasArts,2
505 Games,Compile,1
505 Games,,1
505 Games,Red Storm Entertainment,1
505 Games,Square Enix,2
Capcom,Codemasters,1
Capcom,Tomy Corporation,1
Capcom,3DO,1
Capcom,Warner Bros. Interactive Entertainment,2
Capcom,Universal Interactive,2
Capcom,Midway Games,3
Capcom,Parker Bros.,1
Capcom,D3Publisher,1
Capcom,TalonSoft,1
Capcom,Rage Software,1
Capcom,Eidos Interactive,4
Capcom,Valve Software,1
Capcom,GungHo,1
Capcom,Unknown,2
Capcom,Gotham Games,1
Capcom,TDK Mediactive,1
Capcom,Valve,1
Capcom,Palcom,1
Capcom,CTO SpA,1
Capcom,Sony Online Entertainment,1
Capcom,Tecmo Koei,2
Capcom,SCi,1
Capcom,Square,1
Capcom,Hasbro Interactive,2
Capcom,Success,1
Capcom,Atlus,1
Capcom,Alchemist,1
Capcom,Ubisoft Annecy,1
Capcom,Level 5,2
Capcom,Black Label Games,1
Capcom,THQ,5
Capcom,City Interactive,1
Capcom,Empire Interactive,1
Capcom,Mystique,1
Capcom,Koch Media,1
Capcom,Square EA,1
Capcom,"mixi, Inc",1
Capcom,Disney Interactive Studios,3
Capcom,Crystal Dynamics,1
Capcom,Hudson Soft,3
Capcom,Arena Entertainment,1
Capcom,Red Orb,1
Capcom,Mojang,1
Capcom,Sony Computer Entertainment Europe,4
Capcom,Acclaim Entertainment,3
Capcom,Marvelous Entertainment,1
Capcom,Avanquest Software,1
Capcom,Crave Entertainment,1
Capcom,Namco Bandai Games,4
Capcom,Interplay,1
Capcom,Fox Interactive,2
Capcom,Hello Games,1
Capcom,989 Studios,1
Capcom,20th Century Fox Video Games,1
Capcom,Enix Corporation,1
Capcom,Virgin Interactive,5
Capcom,Coleco,1
Capcom,Vivendi Games,4
Capcom,Imagic,1
Capcom,Deep Silver,1
Capcom,NCSoft,1
Capcom,Infogrames,1
Capcom,Konami Digital Entertainment,5
Capcom,LucasArts,3
Capcom,,1
Capcom,Red Storm Entertainment,1
Capcom,Ocean,1
Capcom,ChunSoft,1
Capcom,GT Interactive,3
Capcom,Square Enix,5
GT Interactive,Mindscape,1
GT Interactive,Rising Star Games,1
GT Interactive,Sammy Corporation,1
GT Interactive,Tomy Corporation,1
GT Interactive,Warner Bros. Interactive Entertainment,2
GT Interactive,3DO,1
GT Interactive,Universal Interactive,2
GT Interactive,Midway Games,3
GT Interactive,Zoo Games,1
GT Interactive,D3Publisher,2
GT Interactive,Parker Bros.,1
GT Interactive,Rage Software,1
GT Interactive,Eidos Interactive,3
GT Interactive,Unknown,2
GT Interactive,TDK Mediactive,1
GT Interactive,Palcom,1
GT Interactive,Play It,1
GT Interactive,Tecmo Koei,2
GT Interactive,GSP,1
GT Interactive,Hasbro Interactive,3
GT Interactive,MTV Games,1
GT Interactive,Ubisoft Annecy,1
GT Interactive,Level 5,1
GT Interactive,Black Label Games,1
GT Interactive,THQ,4
GT Interactive,Mystique,1
GT Interactive,Koch Media,1
GT Interactive,Disney Interactive Studios,3
GT Interactive,"mixi, Inc",1
GT Interactive,Crystal Dynamics,1
GT Interactive,Hudson Soft,2
GT Interactive,Arena Entertainment,1
GT Interactive,Sony Computer Entertainment Europe,3
GT Interactive,Acclaim Entertainment,2
GT Interactive,Marvelous Entertainment,1
GT Interactive,Namco Bandai Games,3
GT Interactive,Hello Games,1
GT Interactive,Fox Interactive,1
GT Interactive,Oxygen Interactive,1
GT Interactive,989 Studios,1
GT Interactive,Quelle,1
GT Interactive,20th Century Fox Video Games,1
GT Interactive,RedOctane,1
GT Interactive,Virgin Interactive,3
GT Interactive,Coleco,1
GT Interactive,Vivendi Games,2
GT Interactive,Deep Silver,1
GT Interactive,NCSoft,1
GT Interactive,Infogrames,1
GT Interactive,Konami Digital Entertainment,3
GT Interactive,LucasArts,1
GT Interactive,,2
GT Interactive,Ocean,1
GT Interactive,Pinnacle,1
GT Interactive,Square Enix,2
Konami Digital Entertainment,Mindscape,1
Konami Digital Entertainment,Rising Star Games,2
Konami Digital Entertainment,Codemasters,2
Konami Digital Entertainment,Sammy Corporation,1
Konami Digital Entertainment,3DO,1
Konami Digital Entertainment,Warner Bros. Interactive Entertainment,2
Konami Digital Entertainment,Universal Interactive,2
Konami Digital Entertainment,Midway Games,4
Konami Digital Entertainment,Parker Bros.,1
Konami Digital Entertainment,Zoo Games,1
Konami Digital Entertainment,D3Publisher,2
Konami Digital Entertainment,TalonSoft,1
Konami Digital Entertainment,Eidos Interactive,6
Konami Digital Entertainment,Valve Software,1
Konami Digital Entertainment,Activision Value,1
Konami Digital Entertainment,GungHo,1
Konami Digital Entertainment,Unknown,4
Konami Digital Entertainment,Gotham Games,1
Konami Digital Entertainment,Valve,1
Konami Digital Entertainment,TDK Mediactive,1
Konami Digital Entertainment,Palcom,1
Konami Digital Entertainment,Play It,1
Konami Digital Entertainment,CTO SpA,1
Konami Digital Entertainment,Microprose,1
Konami Digital Entertainment,Sony Online Entertainment,1
Konami Digital Entertainment,Tecmo Koei,2
Konami Digital Entertainment,GSP,1
Konami Digital Entertainment,Square,1
Konami Digital Entertainment,Hasbro Interactive,3
Konami Digital Entertainment,SCi,1
Konami Digital Entertainment,Banpresto,1
Konami Digital Entertainment,Success,1
Konami Digital Entertainment,MTV Games,1
Konami Digital Entertainment,Hudson Entertainment,1
Konami Digital Entertainment,Atlus,1
Konami Digital Entertainment,Alchemist,1
Konami Digital Entertainment,Ubisoft Annecy,1
Konami Digital Entertainment,Level 5,2
Konami Digital Entertainment,Titus,1
Konami Digital Entertainment,Maxis,1
Konami Digital Entertainment,Global Star,1
Konami Digital Entertainment,Black Label Games,1
Konami Digital Entertainment,THQ,7
Konami Digital Entertainment,City Interactive,1
Konami Digital Entertainment,Empire Interactive,1
Konami Digital Entertainment,ASCII Entertainment,1
Konami Digital Entertainment,Mystique,1
Konami Digital Entertainment,Koch Media,1
Konami Digital Entertainment,Square EA,1
Konami Digital Entertainment,"mixi, Inc",1
Konami Digital Entertainment,Disney Interactive Studios,5
Konami Digital Entertainment,Crystal Dynamics,1
Konami Digital Entertainment,Hudson Soft,5
Konami Digital Entertainment,Arena Entertainment,1
Konami Digital Entertainment,Red Orb,1
Konami Digital Entertainment,Russel,1
Konami Digital Entertainment,Mojang,1
Konami Digital Entertainment,Sony Computer Entertainment Europe,6
Konami Digital Entertainment,Game Factory,1
Konami Digital Entertainment,Acclaim Entertainment,3
Konami Digital Entertainment,Marvelous Entertainment,1
Konami Digital Entertainment,Focus Home Interactive,1
Konami Digital Entertainment,Avanquest Software,1
Konami Digital Entertainment,Taito,1
Konami Digital Entertainment,Crave Entertainment,1
Konami Digital Entertainment,Namco Bandai Games,6
Konami Digital Entertainment,Westwood Studios,1
Konami Digital Entertainment,Interplay,1
Konami Digital Entertainment,Agetec,1
Konami Digital Entertainment,Fox Interactive,2
Konami Digital Entertainment,Hello Games,1
Konami Digital Entertainment,Zoo Digital Publishing,1
Konami Digital Entertainment,Natsume,1
Konami Digital Entertainment,Oxygen Interactive,1
Konami Digital Entertainment,989 Studios,2
Konami Digital Entertainment,Quelle,1
Konami Digital Entertainment,20th Century Fox Video Games,1
Konami Digital Entertainment,Majesco Entertainment,1
Konami Digital Entertainment,Enix Corporation,1
Konami Digital Entertainment,RedOctane,1
Konami Digital Entertainment,Virgin Interactive,5
Konami Digital Entertainment,Coleco,1
Konami Digital Entertainment,Vivendi Games,4
Konami Digital Entertainment,Imagic,1
Konami Digital Entertainment,UEP Systems,1
Konami Digital Entertainment,Deep Silver,2
Konami Digital Entertainment,NCSoft,1
Konami Digital Entertainment,Infogrames,2
Konami Digital Entertainment,RTL,1
Konami Digital Entertainment,Mastertronic,1
Konami Digital Entertainment,LucasArts,4
Konami Digital Entertainment,,2
Konami Digital Entertainment,Red Storm Entertainment,1
Konami Digital Entertainment,Ocean,1
Konami Digital Entertainment,ChunSoft,1
Konami Digital Entertainment,Pinnacle,1
Konami Digital Entertainment,Square Enix,5
Sony Computer Entertainment Europe,Mindscape,1
Sony Computer Entertainment Europe,Rising Star Games,2
Sony Computer Entertainment Europe,Codemasters,1
Sony Computer Entertainment Europe,Sammy Corporation,1
Sony Computer Entertainment Europe,3DO,1
Sony Computer Entertainment Europe,Warner Bros. Interactive Entertainment,1
Sony Computer Entertainment Europe,Universal Interactive,2
Sony Computer Entertainment Europe,Midway Games,3
Sony Computer Entertainment Europe,Parker Bros.,1
Sony Computer Entertainment Europe,Zoo Games,1
Sony Computer Entertainment Europe,D3Publisher,2
Sony Computer Entertainment Europe,TalonSoft,1
Sony Computer Entertainment Europe,Eidos Interactive,3
Sony Computer Entertainment Europe,Valve Software,1
Sony Computer Entertainment Europe,Unknown,2
Sony Computer Entertainment Europe,Gotham Games,1
Sony Computer Entertainment Europe,TDK Mediactive,1
Sony Computer Entertainment Europe,Valve,1
Sony Computer Entertainment Europe,Palcom,1
Sony Computer Entertainment Europe,Play It,1
Sony Computer Entertainment Europe,CTO SpA,1
Sony Computer Entertainment Europe,Tecmo Koei,2
Sony Computer Entertainment Europe,GSP,1
Sony Computer Entertainment Europe,SCi,1
Sony Computer Entertainment Europe,Hasbro Interactive,3
Sony Computer Entertainment Europe,Success,1
Sony Computer Entertainment Europe,MTV Games,1
Sony Computer Entertainment Europe,Hudson Entertainment,1
Sony Computer Entertainment Europe,Alchemist,1
Sony Computer Entertainment Europe,Ubisoft Annecy,1
Sony Computer Entertainment Europe,Level 5,1
Sony Computer Entertainment Europe,Titus,1
Sony Computer Entertainment Europe,Maxis,1
Sony Computer Entertainment Europe,Black Label Games,1
Sony Computer Entertainment Europe,THQ,5
Sony Computer Entertainment Europe,City Interactive,1
Sony Computer Entertainment Europe,Empire Interactive,1
Sony Computer Entertainment Europe,Mystique,1
Sony Computer Entertainment Europe,Koch Media,1
Sony Computer Entertainment Europe,"mixi, Inc",1
Sony Computer Entertainment Europe,Disney Interactive Studios,4
Sony Computer Entertainment Europe,Crystal Dynamics,1
Sony Computer Entertainment Europe,Hudson Soft,4
Sony Computer Entertainment Europe,Red Orb,1
Sony Computer Entertainment Europe,Mojang,1
Sony Computer Entertainment Europe,Game Factory,1
Sony Computer Entertainment Europe,Acclaim Entertainment,2
Sony Computer Entertainment Europe,Marvelous Entertainment,1
Sony Computer Entertainment Europe,Focus Home Interactive,1
Sony Computer Entertainment Europe,Avanquest Software,1
Sony Computer Entertainment Europe,Taito,1
Sony Computer Entertainment Europe,Namco Bandai Games,4
Sony Computer Entertainment Europe,Interplay,1
Sony Computer Entertainment Europe,Fox Interactive,2
Sony Computer Entertainment Europe,Hello Games,1
Sony Computer Entertainment Europe,Oxygen Interactive,1
Sony Computer Entertainment Europe,989 Studios,1
Sony Computer Entertainment Europe,Quelle,1
Sony Computer Entertainment Europe,20th Century Fox Video Games,1
Sony Computer Entertainment Europe,RedOctane,1
Sony Computer Entertainment Europe,Virgin Interactive,3
Sony Computer Entertainment Europe,Coleco,1
Sony Computer Entertainment Europe,Vivendi Games,3
Sony Computer Entertainment Europe,Imagic,1
Sony Computer Entertainment Europe,Deep Silver,1
Sony Computer Entertainment Europe,NCSoft,1
Sony Computer Entertainment Europe,Infogrames,1
Sony Computer Entertainment Europe,LucasArts,4
Sony Computer Entertainment Europe,,1
Sony Computer Entertainment Europe,Red Storm Entertainment,1
Sony Computer Entertainment Europe,Ocean,1
Sony Computer Entertainment Europe,ChunSoft,1
Sony Computer Entertainment Europe,Pinnacle,1
Sony Computer Entertainment Europe,Square Enix,4
Square Enix,Rising Star Games,1
Square Enix,Codemasters,1
Square Enix,Tomy Corporation,1
Square Enix,3DO,1
Square Enix,Warner Bros. Interactive Entertainment,2
Square Enix,Universal Interactive,1
Square Enix,Midway Games,3
Square Enix,Parker Bros.,1
Square Enix,D3Publisher,1
Square Enix,TalonSoft,1
Square Enix,Rage Software,1
Square Enix,Eidos Interactive,4
Square Enix,Valve Software,1
Square Enix,GungHo,1
Square Enix,Unknown,2
Square Enix,Gotham Games,1
Square Enix,Valve,1
Square Enix,Palcom,1
Square Enix,CTO SpA,1
Square Enix,Sony Online Entertainment,1
Square Enix,Tecmo Koei,3
Square Enix,SCi,1
Square Enix,Square,1
Square Enix,Hasbro Interactive,1
Square Enix,Success,1
Square Enix,Atlus,1
Square Enix,Hudson Entertainment,1
Square Enix,Alchemist,1
Square Enix,Ubisoft Annecy,1
Square Enix,Level 5,2
Square Enix,Titus,1
Square Enix,Maxis,1
Square Enix,Black Label Games,1
Square Enix,THQ,4
Square Enix,City Interactive,1
Square Enix,Empire Interactive,1
Square Enix,Mystique,1
Square Enix,Koch Media,1
Square Enix,Square EA,1
Square Enix,"mixi, Inc",1
Square Enix,Disney Interactive Studios,2
Square Enix,Hudson Soft,3
Square Enix,Arena Entertainment,1
Square Enix,Red Orb,1
Square Enix,Mojang,1
Square Enix,Game Factory,1
Square Enix,Acclaim Entertainment,2
Square Enix,Marvelous Entertainment,1
Square Enix,Focus Home Interactive,1
Square Enix,Avanquest Software,1
Square Enix,Taito,1
Square Enix,Crave Entertainment,1
Square Enix,Namco Bandai Games,5
Square Enix,Interplay,1
Square Enix,Fox Interactive,1
Square Enix,Hello Games,1
Square Enix,989 Studios,1
Square Enix,20th Century Fox Video Games,1
Square Enix,Enix Corporation,1
Square Enix,Virgin Interactive,4
Square Enix,Vivendi Games,3
Square Enix,Imagic,1
Square Enix,Deep Silver,1
Square Enix,NCSoft,1
Square Enix,Infogrames,1
Square Enix,LucasArts,4
Square Enix,,1
Square Enix,Red Storm Entertainment,1
Square Enix,Ocean,1
Square Enix,ChunSoft,1
LucasArts,Rising Star Games,1
LucasArts,Codemasters,1
LucasArts,Warner Bros. Interactive Entertainment,1
LucasArts,3DO,1
LucasArts,Universal Interactive,1
LucasArts,Midway Games,2
LucasArts,Parker Bros.,1
LucasArts,D3Publisher,1
LucasArts,TalonSoft,1
LucasArts,Eidos Interactive,2
LucasArts,Valve Software,1
LucasArts,Unknown,1
LucasArts,Gotham Games,1
LucasArts,Valve,1
LucasArts,Palcom,1
LucasArts,CTO SpA,1
LucasArts,Tecmo Koei,2
LucasArts,SCi,1
LucasArts,Hasbro Interactive,1
LucasArts,Success,1
LucasArts,Hudson Entertainment,1
LucasArts,Alchemist,1
LucasArts,Ubisoft Annecy,1
LucasArts,Level 5,1
LucasArts,Titus,1
LucasArts,Maxis,1
LucasArts,Black Label Games,1
LucasArts,THQ,3
LucasArts,City Interactive,1
LucasArts,Empire Interactive,1
LucasArts,Mystique,1
LucasArts,Koch Media,1
LucasArts,Disney Interactive Studios,2
LucasArts,"mixi, Inc",1
LucasArts,Hudson Soft,3
LucasArts,Red Orb,1
LucasArts,Mojang,1
LucasArts,Game Factory,1
LucasArts,Acclaim Entertainment,1
LucasArts,Marvelous Entertainment,1
LucasArts,Focus Home Interactive,1
LucasArts,Avanquest Software,1
LucasArts,Taito,1
LucasArts,Namco Bandai Games,3
LucasArts,Interplay,1
LucasArts,Hello Games,1
LucasArts,Fox Interactive,1
LucasArts,989 Studios,1
LucasArts,20th Century Fox Video Games,1
LucasArts,Virgin Interactive,2
LucasArts,Vivendi Games,2
LucasArts,Imagic,1
LucasArts,Deep Silver,1
LucasArts,NCSoft,1
LucasArts,Red Storm Entertainment,1
LucasArts,Ocean,1
LucasArts,ChunSoft,1
Virgin Interactive,Codemasters,1
Virgin Interactive,Tomy Corporation,1
Virgin Interactive,3DO,1
Virgin Interactive,Warner Bros. Interactive Entertainment,3
Virgin Interactive,Universal Interactive,2
Virgin Interactive,Midway Games,3
Virgin Interactive,Parker Bros.,1
Virgin Interactive,D3Publisher,1
Virgin Interactive,TalonSoft,1
Virgin Interactive,Rage Software,1
Virgin Interactive,Eidos Interactive,5
Virgin Interactive,Valve Software,1
Virgin Interactive,GungHo,1
Virgin Interactive,Unknown,2
Virgin Interactive,Gotham Games,1
Virgin Interactive,Valve,1
Virgin Interactive,TDK Mediactive,1
Virgin Interactive,Palcom,1
Virgin Interactive,Microprose,1
Virgin Interactive,CTO SpA,1
Virgin Interactive,Sony Online Entertainment,1
Virgin Interactive,Tecmo Koei,2
Virgin Interactive,SCi,1
Virgin Interactive,Square,1
Virgin Interactive,Hasbro Interactive,2
Virgin Interactive,Banpresto,1
Virgin Interactive,Success,1
Virgin Interactive,Atlus,1
Virgin Interactive,Ubisoft Annecy,1
Virgin Interactive,Level 5,2
Virgin Interactive,Black Label Games,1
Virgin Interactive,THQ,5
Virgin Interactive,City Interactive,1
Virgin Interactive,Empire Interactive,1
Virgin Interactive,Mystique,1
Virgin Interactive,Koch Media,1
Virgin Interactive,Square EA,1
Virgin Interactive,"mixi, Inc",1
Virgin Interactive,Disney Interactive Studios,2
Virgin Interactive,Crystal Dynamics,1
Virgin Interactive,Hudson Soft,3
Virgin Interactive,Arena Entertainment,1
Virgin Interactive,Acclaim Entertainment,3
Virgin Interactive,Marvelous Entertainment,1
Virgin Interactive,Crave Entertainment,1
Virgin Interactive,Namco Bandai Games,4
Virgin Interactive,Westwood Studios,1
Virgin Interactive,Fox Interactive,2
Virgin Interactive,Hello Games,1
Virgin Interactive,989 Studios,1
Virgin Interactive,20th Century Fox Video Games,1
Virgin Interactive,Enix Corporation,1
Virgin Interactive,Coleco,1
Virgin Interactive,Vivendi Games,4
Virgin Interactive,Imagic,1
Virgin Interactive,Deep Silver,1
Virgin Interactive,NCSoft,1
Virgin Interactive,Infogrames,1
Virgin Interactive,Mastertronic,1
Virgin Interactive,,1
Virgin Interactive,Red Storm Entertainment,1
Virgin Interactive,Ocean,1
Warner Bros. Interactive Entertainment,Tomy Corporation,1
Warner Bros. Interactive Entertainment,3DO,1
Warner Bros. Interactive Entertainment,Acclaim Entertainment,1
Warner Bros. Interactive Entertainment,Hudson Soft,2
Warner Bros. Interactive Entertainment,Marvelous Entertainment,1
Warner Bros. Interactive Entertainment,Universal Interactive,1
Warner Bros. Interactive Entertainment,Namco Bandai Games,3
Warner Bros. Interactive Entertainment,Parker Bros.,1
Warner Bros. Interactive Entertainment,D3Publisher,1
Warner Bros. Interactive Entertainment,Midway Games,3
Warner Bros. Interactive Entertainment,Westwood Studios,1
Warner Bros. Interactive Entertainment,Eidos Interactive,3
Warner Bros. Interactive Entertainment,Rage Software,1
Warner Bros. Interactive Entertainment,JVC,1
Warner Bros. Interactive Entertainment,Hello Games,1
Warner Bros. Interactive Entertainment,Unknown,1
Warner Bros. Interactive Entertainment,989 Studios,1
Warner Bros. Interactive Entertainment,20th Century Fox Video Games,1
Warner Bros. Interactive Entertainment,Palcom,1
Warner Bros. Interactive Entertainment,Scholastic Inc.,1
Warner Bros. Interactive Entertainment,Microprose,1
Warner Bros. Interactive Entertainment,Vivendi Games,1
Warner Bros. Interactive Entertainment,Tecmo Koei,2
Warner Bros. Interactive Entertainment,Hasbro Interactive,2
Warner Bros. Interactive Entertainment,Deep Silver,1
Warner Bros. Interactive Entertainment,NCSoft,1
Warner Bros. Interactive Entertainment,Banpresto,2
Warner Bros. Interactive Entertainment,Mastertronic,1
Warner Bros. Interactive Entertainment,Compile,1
Warner Bros. Interactive Entertainment,,1
Warner Bros. Interactive Entertainment,Ubisoft Annecy,1
Warner Bros. Interactive Entertainment,Level 5,2
Warner Bros. Interactive Entertainment,Black Label Games,1
Warner Bros. Interactive Entertainment,Ocean,1
Warner Bros. Interactive Entertainment,THQ,4
Warner Bros. Interactive Entertainment,Mystique,1
Warner Bros. Interactive Entertainment,Koch Media,1
Warner Bros. Interactive Entertainment,Disney Interactive Studios,2
Warner Bros. Interactive Entertainment,"mixi, Inc",1
Warner Bros. Interactive Entertainment,Arena Entertainment,1
Universal Interactive,3DO,1
Universal Interactive,Acclaim Entertainment,1
Universal Interactive,Hudson Soft,2
Universal Interactive,Marvelous Entertainment,1
Universal Interactive,Namco Bandai Games,1
Universal Interactive,Parker Bros.,1
Universal Interactive,D3Publisher,1
Universal Interactive,Midway Games,1
Universal Interactive,Eidos Interactive,1
Universal Interactive,Hello Games,1
Universal Interactive,Fox Interactive,1
Universal Interactive,Unknown,1
Universal Interactive,989 Studios,1
Universal Interactive,TDK Mediactive,1
Universal Interactive,20th Century Fox Video Games,1
Universal Interactive,Palcom,1
Universal Interactive,Coleco,1
Universal Interactive,Vivendi Games,2
Universal Interactive,Tecmo Koei,1
Universal Interactive,Hasbro Interactive,2
Universal Interactive,Deep Silver,1
Universal Interactive,NCSoft,1
Universal Interactive,Ubisoft Annecy,1
Universal Interactive,Level 5,1
Universal Interactive,Black Label Games,1
Universal Interactive,Ocean,1
Universal Interactive,THQ,2
Universal Interactive,Mystique,1
Universal Interactive,Koch Media,1
Universal Interactive,Disney Interactive Studios,2
Universal Interactive,"mixi, Inc",1
Universal Interactive,Crystal Dynamics,1
Eidos Interactive,Mindscape,1
Eidos Interactive,Rising Star Games,1
Eidos Interactive,Codemasters,3
Eidos Interactive,Sammy Corporation,1
Eidos Interactive,Tomy Corporation,1
Eidos Interactive,3DO,1
Eidos Interactive,Midway Games,6
Eidos Interactive,Parker Bros.,1
Eidos Interactive,Zoo Games,1
Eidos Interactive,D3Publisher,2
Eidos Interactive,TalonSoft,1
Eidos Interactive,Rage Software,1
Eidos Interactive,Valve Software,1
Eidos Interactive,Activision Value,1
Eidos Interactive,GungHo,1
Eidos Interactive,Unknown,5
Eidos Interactive,Gotham Games,1
Eidos Interactive,TDK Mediactive,1
Eidos Interactive,Valve,1
Eidos Interactive,Palcom,1
Eidos Interactive,Play It,2
Eidos Interactive,ASC Games,1
Eidos Interactive,CTO SpA,1
Eidos Interactive,Accolade,1
Eidos Interactive,Microprose,1
Eidos Interactive,Sony Online Entertainment,1
Eidos Interactive,Tecmo Koei,2
Eidos Interactive,GSP,1
Eidos Interactive,Square,1
Eidos Interactive,Hasbro Interactive,2
Eidos Interactive,SCi,1
Eidos Interactive,Banpresto,1
Eidos Interactive,Success,1
Eidos Interactive,MTV Games,1
Eidos Interactive,Atlus,1
Eidos Interactive,Ubisoft Annecy,1
Eidos Interactive,Level 5,2
Eidos Interactive,Global Star,1
Eidos Interactive,Black Label Games,1
Eidos Interactive,Video System,1
Eidos Interactive,THQ,7
Eidos Interactive,Empire Interactive,2
Eidos Interactive,ASCII Entertainment,2
Eidos Interactive,Mystique,1
Eidos Interactive,City Interactive,1
Eidos Interactive,Koch Media,1
Eidos Interactive,Square EA,1
Eidos Interactive,SouthPeak Games,1
Eidos Interactive,"mixi, Inc",1
Eidos Interactive,Disney Interactive Studios,4
Eidos Interactive,Hudson Soft,3
Eidos Interactive,Arena Entertainment,2
Eidos Interactive,Russel,1
Eidos Interactive,Psygnosis,1
Eidos Interactive,Acclaim Entertainment,4
Eidos Interactive,Marvelous Entertainment,1
Eidos Interactive,Crave Entertainment,2
Eidos Interactive,Namco Bandai Games,7
Eidos Interactive,Westwood Studios,1
Eidos Interactive,Agetec,1
Eidos Interactive,Fox Interactive,1
Eidos Interactive,Hello Games,1
Eidos Interactive,Genki,1
Eidos Interactive,Zoo Digital Publishing,1
Eidos Interactive,Natsume,1
Eidos Interactive,Oxygen Interactive,1
Eidos Interactive,989 Studios,3
Eidos Interactive,Quelle,1
Eidos Interactive,20th Century Fox Video Games,1
Eidos Interactive,Majesco Entertainment,1
Eidos Interactive,Enix Corporation,1
Eidos Interactive,RedOctane,1
Eidos Interactive,Vivendi Games,4
Eidos Interactive,Imagic,1
Eidos Interactive,UEP Systems,1
Eidos Interactive,Deep Silver,2
Eidos Interactive,NCSoft,1
Eidos Interactive,Infogrames,3
Eidos Interactive,RTL,1
Eidos Interactive,Mastertronic,1
Eidos Interactive,,3
Eidos Interactive,Slightly Mad Studios,1
Eidos Interactive,Red Storm Entertainment,1
Eidos Interactive,Ocean,1
Eidos Interactive,Pinnacle,1
RedOctane,Mindscape,1
RedOctane,Rising Star Games,1
RedOctane,Sammy Corporation,1
RedOctane,Midway Games,1
RedOctane,Namco Bandai Games,1
RedOctane,Zoo Games,1
RedOctane,D3Publisher,1
RedOctane,Unknown,1
RedOctane,Oxygen Interactive,1
RedOctane,Quelle,1
RedOctane,Play It,1
RedOctane,GSP,1
RedOctane,Hasbro Interactive,1
RedOctane,Infogrames,1
RedOctane,MTV Games,1
RedOctane,,1
RedOctane,THQ,1
RedOctane,Pinnacle,1
RedOctane,Disney Interactive Studios,1
Vivendi Games,Codemasters,2
Vivendi Games,3DO,1
Vivendi Games,Midway Games,3
Vivendi Games,Parker Bros.,1
Vivendi Games,D3Publisher,1
Vivendi Games,TalonSoft,1
Vivendi Games,Valve Software,1
Vivendi Games,GungHo,1
Vivendi Games,Unknown,3
Vivendi Games,Gotham Games,1
Vivendi Games,TDK Mediactive,2
Vivendi Games,Valve,1
Vivendi Games,Palcom,1
Vivendi Games,Play It,1
Vivendi Games,ASC Games,1
Vivendi Games,CTO SpA,1
Vivendi Games,Accolade,1
Vivendi Games,Sony Online Entertainment,1
Vivendi Games,Tecmo Koei,1
Vivendi Games,SCi,1
Vivendi Games,Square,1
Vivendi Games,Hasbro Interactive,2
Vivendi Games,Success,1
Vivendi Games,Atlus,1
Vivendi Games,Ubisoft Annecy,1
Vivendi Games,Level 5,2
Vivendi Games,Black Label Games,1
Vivendi Games,Video System,1
Vivendi Games,THQ,4
Vivendi Games,Empire Interactive,2
Vivendi Games,ASCII Entertainment,1
Vivendi Games,Mystique,1
Vivendi Games,City Interactive,1
Vivendi Games,Koch Media,1
Vivendi Games,Square EA,1
Vivendi Games,SouthPeak Games,1
Vivendi Games,"mixi, Inc",1
Vivendi Games,Disney Interactive Studios,3
Vivendi Games,Crystal Dynamics,1
Vivendi Games,Hudson Soft,3
Vivendi Games,Psygnosis,1
Vivendi Games,Acclaim Entertainment,3
Vivendi Games,Marvelous Entertainment,1
Vivendi Games,Crave Entertainment,2
Vivendi Games,Namco Bandai Games,4
Vivendi Games,Fox Interactive,2
Vivendi Games,Hello Games,1
Vivendi Games,Genki,1
Vivendi Games,989 Studios,2
Vivendi Games,20th Century Fox Video Games,1
Vivendi Games,Enix Corporation,1
Vivendi Games,Coleco,1
Vivendi Games,Imagic,1
Vivendi Games,Deep Silver,1
Vivendi Games,NCSoft,1
Vivendi Games,Infogrames,2
Vivendi Games,Slightly Mad Studios,1
Vivendi Games,Red Storm Entertainment,1
Vivendi Games,Ocean,1
Enix Corporation,Square,1
Enix Corporation,Infogrames,1
Enix Corporation,Atlus,1
Enix Corporation,Crave Entertainment,1
Enix Corporation,Namco Bandai Games,1
Enix Corporation,Level 5,1
Enix Corporation,GungHo,1
Enix Corporation,Unknown,1
Enix Corporation,Square EA,1
Enix Corporation,Sony Online Entertainment,1
Namco Bandai Games,Mindscape,1
Namco Bandai Games,Rising Star Games,2
Namco Bandai Games,Codemasters,3
Namco Bandai Games,Sammy Corporation,1
Namco Bandai Games,Tomy Corporation,1
Namco Bandai Games,3DO,1
Namco Bandai Games,Midway Games,7
Namco Bandai Games,Parker Bros.,1
Namco Bandai Games,Zoo Games,1
Namco Bandai Games,D3Publisher,2
Namco Bandai Games,TalonSoft,1
Namco Bandai Games,Rage Software,1
Namco Bandai Games,Valve Software,1
Namco Bandai Games,JVC,1
Namco Bandai Games,Activision Value,1
Namco Bandai Games,GungHo,1
Namco Bandai Games,Unknown,5
Namco Bandai Games,Gotham Games,1
Namco Bandai Games,TDK Mediactive,1
Namco Bandai Games,Valve,1
Namco Bandai Games,Palcom,1
Namco Bandai Games,Play It,2
Namco Bandai Games,ASC Games,1
Namco Bandai Games,CTO SpA,1
Namco Bandai Games,Accolade,1
Namco Bandai Games,Sony Online Entertainment,1
Namco Bandai Games,Tecmo Koei,3
Namco Bandai Games,GSP,1
Namco Bandai Games,Square,1
Namco Bandai Games,Hasbro Interactive,3
Namco Bandai Games,SCi,1
Namco Bandai Games,Banpresto,1
Namco Bandai Games,Success,1
Namco Bandai Games,MTV Games,1
Namco Bandai Games,Hudson Entertainment,1
Namco Bandai Games,Atlus,1
Namco Bandai Games,Ubisoft Annecy,1
Namco Bandai Games,Level 5,3
Namco Bandai Games,Titus,1
Namco Bandai Games,Maxis,1
Namco Bandai Games,Global Star,1
Namco Bandai Games,Black Label Games,1
Namco Bandai Games,Video System,1
Namco Bandai Games,THQ,7
Namco Bandai Games,Empire Interactive,2
Namco Bandai Games,ASCII Entertainment,2
Namco Bandai Games,Mystique,1
Namco Bandai Games,City Interactive,1
Namco Bandai Games,Koch Media,1
Namco Bandai Games,Square EA,1
Namco Bandai Games,SouthPeak Games,1
Namco Bandai Games,"mixi, Inc",1
Namco Bandai Games,Disney Interactive Studios,5
Namco Bandai Games,Hudson Soft,5
Namco Bandai Games,Arena Entertainment,2
Namco Bandai Games,Russel,1
Namco Bandai Games,Psygnosis,1
Namco Bandai Games,Game Factory,1
Namco Bandai Games,Acclaim Entertainment,4
Namco Bandai Games,Marvelous Entertainment,1
Namco Bandai Games,Focus Home Interactive,1
Namco Bandai Games,Taito,1
Namco Bandai Games,Crave Entertainment,2
Namco Bandai Games,Agetec,1
Namco Bandai Games,Fox Interactive,1
Namco Bandai Games,Hello Games,1
Namco Bandai Games,Genki,1
Namco Bandai Games,Zoo Digital Publishing,1
Namco Bandai Games,Natsume,1
Namco Bandai Games,Oxygen Interactive,1
Namco Bandai Games,989 Studios,3
Namco Bandai Games,Quelle,1
Namco Bandai Games,20th Century Fox Video Games,1
Namco Bandai Games,Majesco Entertainment,1
Namco Bandai Games,Scholastic Inc.,1
Namco Bandai Games,Imagic,1
Namco Bandai Games,UEP Systems,1
Namco Bandai Games,Deep Silver,2
Namco Bandai Games,NCSoft,1
Namco Bandai Games,Infogrames,3
Namco Bandai Games,RTL,1
Namco Bandai Games,Compile,1
Namco Bandai Games,,3
Namco Bandai Games,Slightly Mad Studios,1
Namco Bandai Games,Red Storm Entertainment,1
Namco Bandai Games,Ocean,1
Namco Bandai Games,Pinnacle,1
Palcom,3DO,1
Palcom,Hudson Soft,1
Palcom,Marvelous Entertainment,1
Palcom,Parker Bros.,1
Palcom,D3Publisher,1
Palcom,Midway Games,1
Palcom,Hello Games,1
Palcom,Unknown,1
Palcom,989 Studios,1
Palcom,20th Century Fox Video Games,1
Palcom,Tecmo Koei,1
Palcom,Hasbro Interactive,1
Palcom,Deep Silver,1
Palcom,NCSoft,1
Palcom,Ubisoft Annecy,1
Palcom,Level 5,1
Palcom,Black Label Games,1
Palcom,Ocean,1
Palcom,THQ,1
Palcom,Mystique,1
Palcom,Koch Media,1
Palcom,Disney Interactive Studios,1
Palcom,"mixi, Inc",1
Hasbro Interactive,Mindscape,1
Hasbro Interactive,Rising Star Games,1
Hasbro Interactive,Sammy Corporation,1
Hasbro Interactive,3DO,1
Hasbro Interactive,Midway Games,3
Hasbro Interactive,Zoo Games,1
Hasbro Interactive,D3Publisher,2
Hasbro Interactive,Parker Bros.,1
Hasbro Interactive,JVC,1
Hasbro Interactive,Unknown,2
Hasbro Interactive,TDK Mediactive,1
Hasbro Interactive,Play It,1
Hasbro Interactive,Tecmo Koei,1
Hasbro Interactive,GSP,1
Hasbro Interactive,Banpresto,1
Hasbro Interactive,MTV Games,1
Hasbro Interactive,Ubisoft Annecy,1
Hasbro Interactive,Level 5,2
Hasbro Interactive,Black Label Games,1
Hasbro Interactive,THQ,4
Hasbro Interactive,Mystique,1
Hasbro Interactive,Koch Media,1
Hasbro Interactive,Disney Interactive Studios,4
Hasbro Interactive,"mixi, Inc",1
Hasbro Interactive,Crystal Dynamics,1
Hasbro Interactive,Hudson Soft,3
Hasbro Interactive,Acclaim Entertainment,1
Hasbro Interactive,Marvelous Entertainment,1
Hasbro Interactive,Hello Games,1
Hasbro Interactive,Fox Interactive,1
Hasbro Interactive,Oxygen Interactive,1
Hasbro Interactive,989 Studios,1
Hasbro Interactive,Quelle,1
Hasbro Interactive,20th Century Fox Video Games,1
Hasbro Interactive,Scholastic Inc.,1
Hasbro Interactive,Coleco,1
Hasbro Interactive,Deep Silver,1
Hasbro Interactive,NCSoft,1
Hasbro Interactive,Infogrames,1
Hasbro Interactive,Compile,1
Hasbro Interactive,,1
Hasbro Interactive,Ocean,1
Hasbro Interactive,Pinnacle,1
THQ,Mindscape,1
THQ,Rising Star Games,1
THQ,Codemasters,3
THQ,Sammy Corporation,1
THQ,Tomy Corporation,1
THQ,3DO,1
THQ,Midway Games,7
THQ,Parker Bros.,1
THQ,Zoo Games,1
THQ,D3Publisher,2
THQ,TalonSoft,1
THQ,Rage Software,1
THQ,Valve Software,1
THQ,JVC,1
THQ,Activision Value,1
THQ,Unknown,4
THQ,Gotham Games,1
THQ,TDK Mediactive,2
THQ,Valve,1
THQ,Play It,2
THQ,ASC Games,1
THQ,Microprose,1
THQ,Accolade,1
THQ,CTO SpA,1
THQ,Tecmo Koei,2
THQ,GSP,1
THQ,SCi,1
THQ,Banpresto,2
THQ,Success,1
THQ,MTV Games,1
THQ,Alchemist,1
THQ,Ubisoft Annecy,1
THQ,Level 5,2
THQ,Global Star,1
THQ,Black Label Games,1
THQ,Video System,1
THQ,Empire Interactive,2
THQ,ASCII Entertainment,2
THQ,Mystique,1
THQ,City Interactive,1
THQ,Koch Media,1
THQ,SouthPeak Games,1
THQ,"mixi, Inc",1
THQ,Disney Interactive Studios,7
THQ,Crystal Dynamics,1
THQ,Hudson Soft,5
THQ,Arena Entertainment,2
THQ,Red Orb,1
THQ,Russel,1
THQ,Psygnosis,1
THQ,Mojang,1
THQ,Acclaim Entertainment,5
THQ,Marvelous Entertainment,1
THQ,Avanquest Software,1
THQ,Crave Entertainment,1
THQ,Westwood Studios,1
THQ,Interplay,1
THQ,Agetec,1
THQ,Fox Interactive,2
THQ,Hello Games,1
THQ,Genki,1
THQ,Zoo Digital Publishing,1
THQ,Natsume,1
THQ,Oxygen Interactive,1
THQ,989 Studios,3
THQ,Quelle,1
THQ,20th Century Fox Video Games,1
THQ,Majesco Entertainment,1
THQ,Scholastic Inc.,1
THQ,Coleco,1
THQ,Imagic,1
THQ,UEP Systems,1
THQ,Deep Silver,2
THQ,NCSoft,1
THQ,Infogrames,2
THQ,RTL,1
THQ,Mastertronic,1
THQ,Compile,1
THQ,,3
THQ,Slightly Mad Studios,1
THQ,Red Storm Entertainment,1
THQ,Ocean,1
THQ,ChunSoft,1
THQ,Pinnacle,1
Fox Interactive,Codemasters,1
Fox Interactive,Acclaim Entertainment,2
Fox Interactive,Midway Games,1
Fox Interactive,TalonSoft,1
Fox Interactive,Valve Software,1
Fox Interactive,Gotham Games,1
Fox Interactive,TDK Mediactive,1
Fox Interactive,Valve,1
Fox Interactive,Coleco,1
Fox Interactive,CTO SpA,1
Fox Interactive,Imagic,1
Fox Interactive,SCi,1
Fox Interactive,Success,1
Fox Interactive,Red Storm Entertainment,1
Fox Interactive,City Interactive,1
Fox Interactive,Empire Interactive,1
Fox Interactive,Disney Interactive Studios,1
Fox Interactive,Crystal Dynamics,1
Fox Interactive,Hudson Soft,2
Acclaim Entertainment,Codemasters,3
Acclaim Entertainment,Tomy Corporation,1
Acclaim Entertainment,Midway Games,4
Acclaim Entertainment,TalonSoft,1
Acclaim Entertainment,Rage Software,1
Acclaim Entertainment,Valve Software,1
Acclaim Entertainment,Activision Value,1
Acclaim Entertainment,Unknown,2
Acclaim Entertainment,Gotham Games,1
Acclaim Entertainment,TDK Mediactive,2
Acclaim Entertainment,Valve,1
Acclaim Entertainment,Play It,1
Acclaim Entertainment,ASC Games,1
Acclaim Entertainment,CTO SpA,1
Acclaim Entertainment,Accolade,1
Acclaim Entertainment,Tecmo Koei,1
Acclaim Entertainment,SCi,1
Acclaim Entertainment,Success,1
Acclaim Entertainment,Global Star,1
Acclaim Entertainment,Video System,1
Acclaim Entertainment,Empire Interactive,2
Acclaim Entertainment,ASCII Entertainment,2
Acclaim Entertainment,City Interactive,1
Acclaim Entertainment,SouthPeak Games,1
Acclaim Entertainment,Disney Interactive Studios,3
Acclaim Entertainment,Crystal Dynamics,1
Acclaim Entertainment,Hudson Soft,3
Acclaim Entertainment,Arena Entertainment,2
Acclaim Entertainment,Russel,1
Acclaim Entertainment,Psygnosis,1
Acclaim Entertainment,Crave Entertainment,1
Acclaim Entertainment,Agetec,1
Acclaim Entertainment,Genki,1
Acclaim Entertainment,Natsume,1
Acclaim Entertainment,Zoo Digital Publishing,1
Acclaim Entertainment,989 Studios,2
Acclaim Entertainment,Majesco Entertainment,1
Acclaim Entertainment,Coleco,1
Acclaim Entertainment,Imagic,1
Acclaim Entertainment,UEP Systems,1
Acclaim Entertainment,Deep Silver,1
Acclaim Entertainment,Infogrames,1
Acclaim Entertainment,RTL,1
Acclaim Entertainment,,2
Acclaim Entertainment,Slightly Mad Studios,1
Acclaim Entertainment,Red Storm Entertainment,1
MTV Games,Mindscape,1
MTV Games,Rising Star Games,1
MTV Games,Sammy Corporation,1
MTV Games,Midway Games,1
MTV Games,Zoo Games,1
MTV Games,D3Publisher,1
MTV Games,Unknown,1
MTV Games,Oxygen Interactive,1
MTV Games,Quelle,1
MTV Games,Play It,1
MTV Games,GSP,1
MTV Games,Infogrames,1
MTV Games,,1
MTV Games,Pinnacle,1
MTV Games,Disney Interactive Studios,1
Disney Interactive Studios,Mindscape,1
Disney Interactive Studios,Rising Star Games,1
Disney Interactive Studios,Codemasters,2
Disney Interactive Studios,Sammy Corporation,1
Disney Interactive Studios,3DO,1
Disney Interactive Studios,Midway Games,5
Disney Interactive Studios,Parker Bros.,1
Disney Interactive Studios,Zoo Games,1
Disney Interactive Studios,D3Publisher,2
Disney Interactive Studios,JVC,1
Disney Interactive Studios,Activision Value,1
Disney Interactive Studios,Unknown,4
Disney Interactive Studios,TDK Mediactive,2
Disney Interactive Studios,Play It,2
Disney Interactive Studios,ASC Games,1
Disney Interactive Studios,Accolade,1
Disney Interactive Studios,Tecmo Koei,1
Disney Interactive Studios,GSP,1
Disney Interactive Studios,Banpresto,1
Disney Interactive Studios,Alchemist,1
Disney Interactive Studios,Ubisoft Annecy,1
Disney Interactive Studios,Level 5,2
Disney Interactive Studios,Global Star,1
Disney Interactive Studios,Black Label Games,1
Disney Interactive Studios,Video System,1
Disney Interactive Studios,Empire Interactive,1
Disney Interactive Studios,ASCII Entertainment,2
Disney Interactive Studios,Mystique,1
Disney Interactive Studios,Koch Media,1
Disney Interactive Studios,SouthPeak Games,1
Disney Interactive Studios,"mixi, Inc",1
Disney Interactive Studios,Crystal Dynamics,1
Disney Interactive Studios,Hudson Soft,4
Disney Interactive Studios,Arena Entertainment,1
Disney Interactive Studios,Red Orb,1
Disney Interactive Studios,Russel,1
Disney Interactive Studios,Psygnosis,1
Disney Interactive Studios,Mojang,1
Disney Interactive Studios,Marvelous Entertainment,1
Disney Interactive Studios,Avanquest Software,1
Disney Interactive Studios,Crave Entertainment,1
Disney Interactive Studios,Interplay,1
Disney Interactive Studios,Agetec,1
Disney Interactive Studios,Hello Games,1
Disney Interactive Studios,Genki,1
Disney Interactive Studios,Zoo Digital Publishing,1
Disney Interactive Studios,Natsume,1
Disney Interactive Studios,Oxygen Interactive,1
Disney Interactive Studios,989 Studios,3
Disney Interactive Studios,Quelle,1
Disney Interactive Studios,20th Century Fox Video Games,1
Disney Interactive Studios,Majesco Entertainment,1
Disney Interactive Studios,Scholastic Inc.,1
Disney Interactive Studios,Coleco,1
Disney Interactive Studios,UEP Systems,1
Disney Interactive Studios,Deep Silver,2
Disney Interactive Studios,NCSoft,1
Disney Interactive Studios,Infogrames,2
Disney Interactive Studios,RTL,1
Disney Interactive Studios,Compile,1
Disney Interactive Studios,,2
Disney Interactive Studios,Slightly Mad Studios,1
Disney Interactive Studios,Ocean,1
Disney Interactive Studios,ChunSoft,1
Disney Interactive Studios,Pinnacle,1
,Mindscape,1
,Rising Star Games,1
,Russel,1
,Codemasters,1
,Sammy Corporation,1
,Tomy Corporation,1
,Hudson Soft,1
,Midway Games,3
,Zoo Games,1
,D3Publisher,1
,Agetec,1
,Rage Software,1
,Activision Value,1
,Unknown,2
,Natsume,1
,Zoo Digital Publishing,1
,Oxygen Interactive,1
,989 Studios,1
,Quelle,1
,Majesco Entertainment,1
,Play It,1
,Tecmo Koei,1
,GSP,1
,UEP Systems,1
,Deep Silver,1
,Infogrames,1
,RTL,1
,Global Star,1
,ASCII Entertainment,1
,Pinnacle,1
,Arena Entertainment,2
Majesco Entertainment,Russel,1
Majesco Entertainment,Codemasters,1
Majesco Entertainment,Hudson Soft,1
Majesco Entertainment,Midway Games,1
Majesco Entertainment,Agetec,1
Majesco Entertainment,Activision Value,1
Majesco Entertainment,Unknown,1
Majesco Entertainment,Natsume,1
Majesco Entertainment,Zoo Digital Publishing,1
Majesco Entertainment,989 Studios,1
Majesco Entertainment,UEP Systems,1
Majesco Entertainment,Deep Silver,1
Majesco Entertainment,RTL,1
Majesco Entertainment,Global Star,1
Majesco Entertainment,ASCII Entertainment,1
Majesco Entertainment,Arena Entertainment,1
Codemasters,Midway Games,3
Codemasters,TalonSoft,1
Codemasters,Valve Software,1
Codemasters,Activision Value,1
Codemasters,Unknown,2
Codemasters,Gotham Games,1
Codemasters,Valve,1
Codemasters,TDK Mediactive,1
Codemasters,Play It,1
Codemasters,ASC Games,1
Codemasters,CTO SpA,1
Codemasters,Accolade,1
Codemasters,SCi,1
Codemasters,Success,1
Codemasters,Global Star,1
Codemasters,City Interactive,1
Codemasters,ASCII Entertainment,2
Codemasters,Empire Interactive,2
Codemasters,Video System,1
Codemasters,SouthPeak Games,1
Codemasters,Hudson Soft,2
Codemasters,Arena Entertainment,1
Codemasters,Russel,1
Codemasters,Psygnosis,1
Codemasters,Crave Entertainment,1
Codemasters,Agetec,1
Codemasters,Genki,1
Codemasters,Natsume,1
Codemasters,Zoo Digital Publishing,1
Codemasters,989 Studios,2
Codemasters,Imagic,1
Codemasters,UEP Systems,1
Codemasters,Deep Silver,1
Codemasters,RTL,1
Codemasters,Infogrames,1
Codemasters,Slightly Mad Studios,1
Codemasters,Red Storm Entertainment,1
Red Orb,Mojang,1
Red Orb,Avanquest Software,1
Red Orb,Alchemist,1
Red Orb,Interplay,1
Red Orb,ChunSoft,1
Level 5,3DO,1
Level 5,Hudson Soft,2
Level 5,Marvelous Entertainment,1
Level 5,Parker Bros.,1
Level 5,D3Publisher,1
Level 5,Midway Games,2
Level 5,Crave Entertainment,1
Level 5,JVC,1
Level 5,Hello Games,1
Level 5,GungHo,1
Level 5,Unknown,2
Level 5,989 Studios,1
Level 5,20th Century Fox Video Games,1
Level 5,Scholastic Inc.,1
Level 5,Sony Online Entertainment,1
Level 5,Tecmo Koei,1
Level 5,Square,1
Level 5,Deep Silver,1
Level 5,NCSoft,1
Level 5,Banpresto,1
Level 5,Infogrames,1
Level 5,Atlus,1
Level 5,Compile,1
Level 5,Ubisoft Annecy,1
Level 5,Black Label Games,1
Level 5,Ocean,1
Level 5,Mystique,1
Level 5,Koch Media,1
Level 5,Square EA,1
Level 5,"mixi, Inc",1
Arena Entertainment,Russel,1
Arena Entertainment,Tomy Corporation,1
Arena Entertainment,Hudson Soft,1
Arena Entertainment,Midway Games,2
Arena Entertainment,Agetec,1
Arena Entertainment,Rage Software,1
Arena Entertainment,Activision Value,1
Arena Entertainment,Unknown,1
Arena Entertainment,Natsume,1
Arena Entertainment,Zoo Digital Publishing,1
Arena Entertainment,989 Studios,1
Arena Entertainment,Tecmo Koei,1
Arena Entertainment,UEP Systems,1
Arena Entertainment,Deep Silver,1
Arena Entertainment,RTL,1
Arena Entertainment,Global Star,1
Arena Entertainment,ASCII Entertainment,1
Midway Games,Mindscape,1
Midway Games,Rising Star Games,1
Midway Games,Sammy Corporation,1
Midway Games,Tomy Corporation,1
Midway Games,3DO,1
Midway Games,Parker Bros.,1
Midway Games,Zoo Games,1
Midway Games,D3Publisher,2
Midway Games,TalonSoft,1
Midway Games,Rage Software,1
Midway Games,Valve Software,1
Midway Games,JVC,1
Midway Games,Activision Value,1
Midway Games,Unknown,4
Midway Games,Gotham Games,1
Midway Games,TDK Mediactive,1
Midway Games,Valve,1
Midway Games,Play It,2
Midway Games,ASC Games,1
Midway Games,CTO SpA,1
Midway Games,Accolade,1
Midway Games,Tecmo Koei,2
Midway Games,GSP,1
Midway Games,SCi,1
Midway Games,Banpresto,1
Midway Games,Success,1
Midway Games,Ubisoft Annecy,1
Midway Games,Global Star,1
Midway Games,Black Label Games,1
Midway Games,Video System,1
Midway Games,Empire Interactive,2
Midway Games,ASCII Entertainment,2
Midway Games,Mystique,1
Midway Games,City Interactive,1
Midway Games,Koch Media,1
Midway Games,SouthPeak Games,1
Midway Games,"mixi, Inc",1
Midway Games,Hudson Soft,4
Midway Games,Russel,1
Midway Games,Psygnosis,1
Midway Games,Marvelous Entertainment,1
Midway Games,Crave Entertainment,1
Midway Games,Agetec,1
Midway Games,Hello Games,1
Midway Games,Genki,1
Midway Games,Zoo Digital Publishing,1
Midway Games,Natsume,1
Midway Games,Oxygen Interactive,1
Midway Games,989 Studios,3
Midway Games,Quelle,1
Midway Games,20th Century Fox Video Games,1
Midway Games,Scholastic Inc.,1
Midway Games,Imagic,1
Midway Games,UEP Systems,1
Midway Games,Deep Silver,2
Midway Games,NCSoft,1
Midway Games,Infogrames,2
Midway Games,RTL,1
Midway Games,Compile,1
Midway Games,Slightly Mad Studios,1
Midway Games,Red Storm Entertainment,1
Midway Games,Ocean,1
Midway Games,Pinnacle,1
JVC,Banpresto,1
JVC,Compile,1
JVC,Scholastic Inc.,1
JVC,Hudson Soft,1
Deep Silver,Russel,1
Deep Silver,3DO,1
Deep Silver,Hudson Soft,2
Deep Silver,Marvelous Entertainment,1
Deep Silver,Parker Bros.,1
Deep Silver,D3Publisher,1
Deep Silver,Agetec,1
Deep Silver,Hello Games,1
Deep Silver,Activision Value,1
Deep Silver,Unknown,2
Deep Silver,Natsume,1
Deep Silver,Zoo Digital Publishing,1
Deep Silver,989 Studios,2
Deep Silver,20th Century Fox Video Games,1
Deep Silver,Tecmo Koei,1
Deep Silver,UEP Systems,1
Deep Silver,NCSoft,1
Deep Silver,RTL,1
Deep Silver,Ubisoft Annecy,1
Deep Silver,Global Star,1
Deep Silver,Black Label Games,1
Deep Silver,Ocean,1
Deep Silver,ASCII Entertainment,1
Deep Silver,Mystique,1
Deep Silver,Koch Media,1
Deep Silver,"mixi, Inc",1
989 Studios,3DO,1
989 Studios,Parker Bros.,1
989 Studios,D3Publisher,1
989 Studios,Activision Value,1
989 Studios,Unknown,3
989 Studios,TDK Mediactive,1
989 Studios,Play It,1
989 Studios,ASC Games,1
989 Studios,Accolade,1
989 Studios,Tecmo Koei,1
989 Studios,Ubisoft Annecy,1
989 Studios,Global Star,1
989 Studios,Black Label Games,1
989 Studios,Video System,1
989 Studios,ASCII Entertainment,2
989 Studios,Empire Interactive,1
989 Studios,Mystique,1
989 Studios,Koch Media,1
989 Studios,SouthPeak Games,1
989 Studios,"mixi, Inc",1
989 Studios,Hudson Soft,2
989 Studios,Russel,1
989 Studios,Psygnosis,1
989 Studios,Marvelous Entertainment,1
989 Studios,Crave Entertainment,1
989 Studios,Agetec,1
989 Studios,Hello Games,1
989 Studios,Genki,1
989 Studios,Natsume,1
989 Studios,Zoo Digital Publishing,1
989 Studios,20th Century Fox Video Games,1
989 Studios,UEP Systems,1
989 Studios,NCSoft,1
989 Studios,RTL,1
989 Studios,Infogrames,1
989 Studios,Slightly Mad Studios,1
989 Studios,Ocean,1
NCSoft,3DO,1
NCSoft,Hudson Soft,1
NCSoft,Marvelous Entertainment,1
NCSoft,Parker Bros.,1
NCSoft,D3Publisher,1
NCSoft,Hello Games,1
NCSoft,Unknown,1
NCSoft,20th Century Fox Video Games,1
NCSoft,Tecmo Koei,1
NCSoft,Ubisoft Annecy,1
NCSoft,Black Label Games,1
NCSoft,Ocean,1
NCSoft,Mystique,1
NCSoft,Koch Media,1
NCSoft,"mixi, Inc",1
UEP Systems,Russel,1
UEP Systems,Hudson Soft,1
UEP Systems,Agetec,1
UEP Systems,Activision Value,1
UEP Systems,Unknown,1
UEP Systems,Natsume,1
UEP Systems,Zoo Digital Publishing,1
UEP Systems,RTL,1
UEP Systems,Global Star,1
UEP Systems,ASCII Entertainment,1
Parker Bros.,3DO,1
Parker Bros.,Hudson Soft,1
Parker Bros.,Marvelous Entertainment,1
Parker Bros.,D3Publisher,1
Parker Bros.,Hello Games,1
Parker Bros.,Unknown,1
Parker Bros.,20th Century Fox Video Games,1
Parker Bros.,Tecmo Koei,1
Parker Bros.,Ubisoft Annecy,1
Parker Bros.,Black Label Games,1
Parker Bros.,Ocean,1
Parker Bros.,Mystique,1
Parker Bros.,Koch Media,1
Parker Bros.,"mixi, Inc",1
Maxis,Rising Star Games,1
Maxis,Tecmo Koei,1
Maxis,Game Factory,1
Maxis,Focus Home Interactive,1
Maxis,Hudson Entertainment,1
Maxis,Taito,1
Maxis,Titus,1
Maxis,Hudson Soft,1
Imagic,Hudson Soft,1
Imagic,TalonSoft,1
Imagic,Valve Software,1
Imagic,Gotham Games,1
Imagic,Valve,1
Imagic,CTO SpA,1
Imagic,SCi,1
Imagic,Success,1
Imagic,Red Storm Entertainment,1
Imagic,City Interactive,1
Imagic,Empire Interactive,1
Tecmo Koei,Rising Star Games,1
Tecmo Koei,Game Factory,1
Tecmo Koei,Tomy Corporation,1
Tecmo Koei,3DO,1
Tecmo Koei,Hudson Soft,2
Tecmo Koei,Marvelous Entertainment,1
Tecmo Koei,Focus Home Interactive,1
Tecmo Koei,Taito,1
Tecmo Koei,D3Publisher,1
Tecmo Koei,Rage Software,1
Tecmo Koei,Hello Games,1
Tecmo Koei,Unknown,1
Tecmo Koei,20th Century Fox Video Games,1
Tecmo Koei,Hudson Entertainment,1
Tecmo Koei,Ubisoft Annecy,1
Tecmo Koei,Titus,1
Tecmo Koei,Black Label Games,1
Tecmo Koei,Ocean,1
Tecmo Koei,Mystique,1
Tecmo Koei,Koch Media,1
Tecmo Koei,"mixi, Inc",1
Valve Software,Hudson Soft,1
Valve Software,TalonSoft,1
Valve Software,Gotham Games,1
Valve Software,Valve,1
Valve Software,CTO SpA,1
Valve Software,SCi,1
Valve Software,Success,1
Valve Software,Red Storm Entertainment,1
Valve Software,City Interactive,1
Valve Software,Empire Interactive,1
ASCII Entertainment,Russel,1
ASCII Entertainment,Psygnosis,1
ASCII Entertainment,Hudson Soft,1
ASCII Entertainment,Crave Entertainment,1
ASCII Entertainment,Agetec,1
ASCII Entertainment,Activision Value,1
ASCII Entertainment,Genki,1
ASCII Entertainment,Unknown,2
ASCII Entertainment,Natsume,1
ASCII Entertainment,Zoo Digital Publishing,1
ASCII Entertainment,TDK Mediactive,1
ASCII Entertainment,Play It,1
ASCII Entertainment,ASC Games,1
ASCII Entertainment,Accolade,1
ASCII Entertainment,RTL,1
ASCII Entertainment,Infogrames,1
ASCII Entertainment,Slightly Mad Studios,1
ASCII Entertainment,Global Star,1
ASCII Entertainment,Video System,1
ASCII Entertainment,Empire Interactive,1
ASCII Entertainment,SouthPeak Games,1
Mindscape,Rising Star Games,1
Mindscape,Sammy Corporation,1
Mindscape,Zoo Games,1
Mindscape,D3Publisher,1
Mindscape,Unknown,1
Mindscape,Oxygen Interactive,1
Mindscape,Quelle,1
Mindscape,Play It,1
Mindscape,GSP,1
Mindscape,Infogrames,1
Mindscape,Pinnacle,1
Infogrames,Rising Star Games,1
Infogrames,Psygnosis,1
Infogrames,Sammy Corporation,1
Infogrames,Crave Entertainment,2
Infogrames,Zoo Games,1
Infogrames,D3Publisher,1
Infogrames,Genki,1
Infogrames,GungHo,1
Infogrames,Unknown,3
Infogrames,Oxygen Interactive,1
Infogrames,TDK Mediactive,1
Infogrames,Quelle,1
Infogrames,Play It,2
Infogrames,ASC Games,1
Infogrames,Accolade,1
Infogrames,Sony Online Entertainment,1
Infogrames,GSP,1
Infogrames,Square,1
Infogrames,Atlus,1
Infogrames,Slightly Mad Studios,1
Infogrames,Video System,1
Infogrames,Empire Interactive,1
Infogrames,Square EA,1
Infogrames,Pinnacle,1
Infogrames,SouthPeak Games,1
Unknown,Rising Star Games,1
Unknown,Sammy Corporation,1
Unknown,3DO,1
Unknown,Zoo Games,1
Unknown,D3Publisher,2
Unknown,Activision Value,1
Unknown,GungHo,1
Unknown,TDK Mediactive,1
Unknown,Play It,2
Unknown,ASC Games,1
Unknown,Accolade,1
Unknown,Sony Online Entertainment,1
Unknown,GSP,1
Unknown,Square,1
Unknown,Atlus,1
Unknown,Ubisoft Annecy,1
Unknown,Global Star,1
Unknown,Black Label Games,1
Unknown,Video System,1
Unknown,Empire Interactive,1
Unknown,Mystique,1
Unknown,Koch Media,1
Unknown,Square EA,1
Unknown,SouthPeak Games,1
Unknown,"mixi, Inc",1
Unknown,Hudson Soft,2
Unknown,Russel,1
Unknown,Psygnosis,1
Unknown,Marvelous Entertainment,1
Unknown,Crave Entertainment,2
Unknown,Agetec,1
Unknown,Hello Games,1
Unknown,Genki,1
Unknown,Zoo Digital Publishing,1
Unknown,Natsume,1
Unknown,Oxygen Interactive,1
Unknown,Quelle,1
Unknown,20th Century Fox Video Games,1
Unknown,RTL,1
Unknown,Slightly Mad Studios,1
Unknown,Ocean,1
Unknown,Pinnacle,1
Square,Atlus,1
Square,Crave Entertainment,1
Square,GungHo,1
Square,Square EA,1
Square,Sony Online Entertainment,1
Valve,Hudson Soft,1
Valve,TalonSoft,1
Valve,Gotham Games,1
Valve,CTO SpA,1
Valve,SCi,1
Valve,Success,1
Valve,Red Storm Entertainment,1
Valve,City Interactive,1
Valve,Empire Interactive,1
Activision Value,Russel,1
Activision Value,Hudson Soft,1
Activision Value,Agetec,1
Activision Value,Natsume,1
Activision Value,Zoo Digital Publishing,1
Activision Value,RTL,1
Activision Value,Global Star,1
Banpresto,Hudson Soft,1
Banpresto,Mastertronic,1
Banpresto,Compile,1
Banpresto,Westwood Studios,1
Banpresto,Scholastic Inc.,1
Banpresto,Microprose,1
D3Publisher,Rising Star Games,1
D3Publisher,Sammy Corporation,1
D3Publisher,3DO,1
D3Publisher,Hudson Soft,1
D3Publisher,Marvelous Entertainment,1
D3Publisher,Zoo Games,1
D3Publisher,Hello Games,1
D3Publisher,Oxygen Interactive,1
D3Publisher,Quelle,1
D3Publisher,20th Century Fox Video Games,1
D3Publisher,Play It,1
D3Publisher,GSP,1
D3Publisher,Ubisoft Annecy,1
D3Publisher,Black Label Games,1
D3Publisher,Ocean,1
D3Publisher,Mystique,1
D3Publisher,Koch Media,1
D3Publisher,Pinnacle,1
D3Publisher,"mixi, Inc",1
Oxygen Interactive,Rising Star Games,1
Oxygen Interactive,Sammy Corporation,1
Oxygen Interactive,Zoo Games,1
Oxygen Interactive,Quelle,1
Oxygen Interactive,Play It,1
Oxygen Interactive,GSP,1
Oxygen Interactive,Pinnacle,1
Red Storm Entertainment,Hudson Soft,1
Red Storm Entertainment,TalonSoft,1
Red Storm Entertainment,Gotham Games,1
Red Storm Entertainment,CTO SpA,1
Red Storm Entertainment,SCi,1
Red Storm Entertainment,Success,1
Red Storm Entertainment,City Interactive,1
Red Storm Entertainment,Empire Interactive,1
Video System,Psygnosis,1
Video System,Crave Entertainment,1
Video System,Genki,1
Video System,TDK Mediactive,1
Video System,Play It,1
Video System,ASC Games,1
Video System,Accolade,1
Video System,Slightly Mad Studios,1
Video System,Empire Interactive,1
Video System,SouthPeak Games,1
Hello Games,3DO,1
Hello Games,Hudson Soft,1
Hello Games,Marvelous Entertainment,1
Hello Games,20th Century Fox Video Games,1
Hello Games,Ubisoft Annecy,1
Hello Games,Black Label Games,1
Hello Games,Ocean,1
Hello Games,Mystique,1
Hello Games,Koch Media,1
Hello Games,"mixi, Inc",1
Global Star,Russel,1
Global Star,Hudson Soft,1
Global Star,Agetec,1
Global Star,Natsume,1
Global Star,Zoo Digital Publishing,1
Global Star,RTL,1
Gotham Games,Hudson Soft,1
Gotham Games,TalonSoft,1
Gotham Games,CTO SpA,1
Gotham Games,SCi,1
Gotham Games,Success,1
Gotham Games,City Interactive,1
Gotham Games,Empire Interactive,1
Westwood Studios,Mastertronic,1
Westwood Studios,Microprose,1
GungHo,Atlus,1
GungHo,Crave Entertainment,1
GungHo,Square EA,1
GungHo,Sony Online Entertainment,1
Crave Entertainment,Psygnosis,1
Crave Entertainment,Genki,1
Crave Entertainment,TDK Mediactive,1
Crave Entertainment,Play It,1
Crave Entertainment,ASC Games,1
Crave Entertainment,Accolade,1
Crave Entertainment,Sony Online Entertainment,1
Crave Entertainment,Atlus,1
Crave Entertainment,Slightly Mad Studios,1
Crave Entertainment,Empire Interactive,1
Crave Entertainment,Square EA,1
Crave Entertainment,SouthPeak Games,1
Hudson Soft,Rising Star Games,1
Hudson Soft,3DO,1
Hudson Soft,TalonSoft,1
Hudson Soft,TDK Mediactive,1
Hudson Soft,CTO SpA,1
Hudson Soft,SCi,1
Hudson Soft,Success,1
Hudson Soft,Hudson Entertainment,1
Hudson Soft,Ubisoft Annecy,1
Hudson Soft,Titus,1
Hudson Soft,Black Label Games,1
Hudson Soft,City Interactive,1
Hudson Soft,Empire Interactive,1
Hudson Soft,Mystique,1
Hudson Soft,Koch Media,1
Hudson Soft,"mixi, Inc",1
Hudson Soft,Crystal Dynamics,1
Hudson Soft,Russel,1
Hudson Soft,Game Factory,1
Hudson Soft,Marvelous Entertainment,1
Hudson Soft,Focus Home Interactive,1
Hudson Soft,Taito,1
Hudson Soft,Agetec,1
Hudson Soft,Zoo Digital Publishing,1
Hudson Soft,Natsume,1
Hudson Soft,20th Century Fox Video Games,1
Hudson Soft,Scholastic Inc.,1
Hudson Soft,Coleco,1
Hudson Soft,RTL,1
Hudson Soft,Compile,1
Hudson Soft,Ocean,1
Coleco,TDK Mediactive,1
Coleco,Crystal Dynamics,1
Rising Star Games,Sammy Corporation,1
Rising Star Games,Game Factory,1
Rising Star Games,Focus Home Interactive,1
Rising Star Games,Taito,1
Rising Star Games,Zoo Games,1
Rising Star Games,Quelle,1
Rising Star Games,Play It,1
Rising Star Games,GSP,1
Rising Star Games,Hudson Entertainment,1
Rising Star Games,Titus,1
Rising Star Games,Pinnacle,1
Atlus,Square EA,1
Atlus,Sony Online Entertainment,1
TDK Mediactive,Psygnosis,1
TDK Mediactive,Genki,1
TDK Mediactive,Play It,1
TDK Mediactive,ASC Games,1
TDK Mediactive,Accolade,1
TDK Mediactive,Slightly Mad Studios,1
TDK Mediactive,Empire Interactive,1
TDK Mediactive,SouthPeak Games,1
TDK Mediactive,Crystal Dynamics,1
ASC Games,Psygnosis,1
ASC Games,Genki,1
ASC Games,Play It,1
ASC Games,Accolade,1
ASC Games,Slightly Mad Studios,1
ASC Games,Empire Interactive,1
ASC Games,SouthPeak Games,1
Zoo Games,Sammy Corporation,1
Zoo Games,Quelle,1
Zoo Games,Play It,1
Zoo Games,GSP,1
Zoo Games,Pinnacle,1
Accolade,Psygnosis,1
Accolade,Genki,1
Accolade,Play It,1
Accolade,Slightly Mad Studios,1
Accolade,Empire Interactive,1
Accolade,SouthPeak Games,1
Sony Online Entertainment,Square EA,1
3DO,Marvelous Entertainment,1
3DO,20th Century Fox Video Games,1
3DO,Ubisoft Annecy,1
3DO,Black Label Games,1
3DO,Ocean,1
3DO,Mystique,1
3DO,Koch Media,1
3DO,"mixi, Inc",1
RTL,Russel,1
RTL,Agetec,1
RTL,Natsume,1
RTL,Zoo Digital Publishing,1
Natsume,Russel,1
Natsume,Agetec,1
Natsume,Zoo Digital Publishing,1
Focus Home Interactive,Game Factory,1
Focus Home Interactive,Hudson Entertainment,1
Focus Home Interactive,Taito,1
Focus Home Interactive,Titus,1
Alchemist,Mojang,1
Alchemist,Avanquest Software,1
Alchemist,Interplay,1
Alchemist,ChunSoft,1
Black Label Games,Marvelous Entertainment,1
Black Label Games,20th Century Fox Video Games,1
Black Label Games,Ubisoft Annecy,1
Black Label Games,Ocean,1
Black Label Games,Mystique,1
Black Label Games,Koch Media,1
Black Label Games,"mixi, Inc",1
SouthPeak Games,Psygnosis,1
SouthPeak Games,Genki,1
SouthPeak Games,Play It,1
SouthPeak Games,Slightly Mad Studios,1
SouthPeak Games,Empire Interactive,1
Mastertronic,Microprose,1
Ocean,Marvelous Entertainment,1
Ocean,20th Century Fox Video Games,1
Ocean,Ubisoft Annecy,1
Ocean,Mystique,1
Ocean,Koch Media,1
Ocean,"mixi, Inc",1
Zoo Digital Publishing,Russel,1
Zoo Digital Publishing,Agetec,1
Psygnosis,Genki,1
Psygnosis,Play It,1
Psygnosis,Slightly Mad Studios,1
Psygnosis,Empire Interactive,1
City Interactive,TalonSoft,1
City Interactive,CTO SpA,1
City Interactive,SCi,1
City Interactive,Success,1
City Interactive,Empire Interactive,1
Empire Interactive,TalonSoft,1
Empire Interactive,Genki,1
Empire Interactive,Play It,1
Empire Interactive,CTO SpA,1
Empire Interactive,SCi,1
Empire Interactive,Success,1
Empire Interactive,Slightly Mad Studios,1
Success,TalonSoft,1
Success,CTO SpA,1
Success,SCi,1
Compile,Scholastic Inc.,1
Russel,Agetec,1
Taito,Game Factory,1
Taito,Hudson Entertainment,1
Taito,Titus,1
GSP,Sammy Corporation,1
GSP,Quelle,1
GSP,Play It,1
GSP,Pinnacle,1
Play It,Sammy Corporation,1
Play It,Genki,1
Play It,Quelle,1
Play It,Slightly Mad Studios,1
Play It,Pinnacle,1
Slightly Mad Studios,Genki,1
Tomy Corporation,Rage Software,1
Sammy Corporation,Quelle,1
Sammy Corporation,Pinnacle,1
Koch Media,Marvelous Entertainment,1
Koch Media,20th Century Fox Video Games,1
Koch Media,Ubisoft Annecy,1
Koch Media,Mystique,1
Koch Media,"mixi, Inc",1
Game Factory,Hudson Entertainment,1
Game Factory,Titus,1
Titus,Hudson Entertainment,1
Marvelous Entertainment,20th Century Fox Video Games,1
Marvelous Entertainment,Ubisoft Annecy,1
Marvelous Entertainment,Mystique,1
Marvelous Entertainment,"mixi, Inc",1
Mojang,Avanquest Software,1
Mojang,Interplay,1
Mojang,ChunSoft,1
Pinnacle,Quelle,1
CTO SpA,TalonSoft,1
CTO SpA,SCi,1
TalonSoft,SCi,1
"mixi, Inc",20th Century Fox Video Games,1
"mixi, Inc",Ubisoft Annecy,1
"mixi, Inc",Mystique,1
Ubisoft Annecy,20th Century Fox Video Games,1
Ubisoft Annecy,Mystique,1
Interplay,Avanquest Software,1
Interplay,ChunSoft,1
Mystique,20th Century Fox Video Games,1
ChunSoft,Avanquest Software,1
